ticker,company_name,exchange
A,Agilent Technologies Inc.,NYSE
AA,Alcoa Corporation,NYSE
AACG,ATA Creativity Global,NASDAQ
AACT,Ares Acquisition Corporation II,NYSE
AADI,Aadi Bioscience Inc.,NASDAQ
AAGR,African Agriculture Holdings Inc.,NASDAQ
AAL,American Airlines Group Inc.,NASDAQ
AAMC,Altisource Asset Management Corp,AMEX
AAME,Atlantic American Corporation,NASDAQ
AAN,Aarons Holdings Company Inc.,NYSE
AAOI,Applied Optoelectronics Inc.,NASDAQ
AAON,AAON Inc.,NASDAQ
AAP,Advance Auto Parts Inc.,NYSE
AAPL,Apple Inc.,NASDAQ
AAT,American Assets Trust Inc.,NYSE
ABAT,American Battery Technology Company,NASDAQ
ABBV,AbbVie Inc.,NYSE
ABCB,Ameris Bancorp,NYSE
ABCL,AbCellera Biologics Inc.,NASDAQ
ABEO,Abeona Therapeutics Inc.,NASDAQ
ABEV,Ambev S.A.,NYSE
ABG,Asbury Automotive Group Inc,NYSE
ABIO,ARCA biopharma Inc.,NASDAQ
ABL,Abacus Life Inc.,NASDAQ
ABLV,Able View Global Inc.,NASDAQ
ABM,ABM Industries Incorporated,NYSE
ABNB,Airbnb Inc.,NASDAQ
ABOS,Acumen Pharmaceuticals Inc.,NASDAQ
ABR,Arbor Realty Trust,NYSE
ABSI,Absci Corporation,NASDAQ
ABT,Abbott Laboratories,NYSE
ABTS,Abits Group Inc,NASDAQ
ABUS,Arbutus Biopharma Corporation,NASDAQ
ABVC,ABVC BioPharma Inc.,NASDAQ
ABVE,Above Food Ingredients Inc.,NASDAQ
ABVX,Abivax SA,NASDAQ
AC,Associated Capital Group Inc.,NYSE
ACA,Arcosa Inc.,NYSE
ACAB,Atlantic Coastal Acquisition Corp. II,NASDAQ
ACAC,Acri Capital Acquisition Corporation,NASDAQ
ACAD,ACADIA Pharmaceuticals Inc.,NASDAQ
ACB,Aurora Cannabis Inc.,NASDAQ
ACCD,Accolade Inc.,NASDAQ
ACCO,Acco Brands Corporation,NYSE
ACDC,ProFrac Holding Corp.,NASDAQ
ACEL,Accel Entertainment Inc. ,NYSE
ACET,Adicet Bio Inc.,NASDAQ
ACGL,Arch Capital Group Ltd.,NASDAQ
ACHC,Acadia Healthcare Company Inc.,NASDAQ
ACHL,Achilles Therapeutics plc,NASDAQ
ACHR,Archer Aviation Inc.,NYSE
ACHV,Achieve Life Sciences Inc.,NASDAQ
ACI,Albertsons Companies Inc.,NYSE
ACIC,American Coastal Insurance Corporation,NASDAQ
ACIU,AC Immune SA,NASDAQ
ACIW,ACI Worldwide Inc.,NASDAQ
ACLS,Axcelis Technologies Inc.,NASDAQ
ACLX,Arcellx Inc.,NASDAQ
ACM,AECOM,NYSE
ACMR,ACM Research Inc.,NASDAQ
ACN,Accenture plc,NYSE
ACNB,ACNB Corporation,NASDAQ
ACNT,Ascent Industries Co.,NASDAQ
ACON,Aclarion Inc.,NASDAQ
ACR,ACRES Commercial Realty Corp.,NYSE
ACRE,Ares Commercial Real Estate Corporation,NYSE
ACRS,Aclaris Therapeutics Inc.,NASDAQ
ACRV,Acrivon Therapeutics Inc.,NASDAQ
ACST,Acasti Pharma Inc.,NASDAQ
ACT,Enact Holdings Inc.,NASDAQ
ACTG,Acacia Research Corporation (Acacia Tech),NASDAQ
ACTU,Actuate Therapeutics Inc.,NASDAQ
ACU,Acme United Corporation.,AMEX
ACVA,ACV Auctions Inc.,NASDAQ
ACXP,Acurx Pharmaceuticals Inc.,NASDAQ
ADAG,Adagene Inc.,NASDAQ
ADAP,Adaptimmune Therapeutics plc,NASDAQ
ADBE,Adobe Inc.,NASDAQ
ADC,Agree Realty Corporation,NYSE
ADCT,ADC Therapeutics SA,NYSE
ADD,Color Star Technology Co. Ltd.,NASDAQ
ADEA,Adeia Inc.,NASDAQ
ADGM,Adagio Medical Holdings Inc,NASDAQ
ADI,Analog Devices Inc.,NASDAQ
ADIL,Adial Pharmaceuticals Inc,NASDAQ
ADM,Archer-Daniels-Midland Company,NYSE
ADMA,ADMA Biologics Inc,NASDAQ
ADN,Advent Technologies Holdings Inc.,NASDAQ
ADNT,Adient plc,NYSE
ADP,Automatic Data Processing Inc.,NASDAQ
ADPT,Adaptive Biotechnologies Corporation,NASDAQ
ADRT,Ault Disruptive Technologies Corporation,AMEX
ADSE,ADS-TEC ENERGY PLC,NASDAQ
ADSK,Autodesk Inc.,NASDAQ
ADT,ADT Inc.,NYSE
ADTN,ADTRAN Holdings Inc.,NASDAQ
ADTX,Aditxt Inc.,NASDAQ
ADUS,Addus HomeCare Corporation,NASDAQ
ADV,Advantage Solutions Inc.,NASDAQ
ADVM,Adverum Biotechnologies Inc.,NASDAQ
ADXN,Addex Therapeutics Ltd,NASDAQ
AE,Adams Resources & Energy Inc.,AMEX
AEAE,AltEnergy Acquisition Corp.,NASDAQ
AEE,Ameren Corporation,NYSE
AEG,Aegon Ltd. New York Registry,NYSE
AEHL,Antelope Enterprise Holdings Limited,NASDAQ
AEHR,Aehr Test Systems,NASDAQ
AEI,Alset Inc.,NASDAQ
AEIS,Advanced Energy Industries Inc.,NASDAQ
AEM,Agnico Eagle Mines Limited,NYSE
AEMD,Aethlon Medical Inc.,NASDAQ
AENT,Alliance Entertainment Holding Corporation,NASDAQ
AEO,American Eagle Outfitters Inc.,NYSE
AEON,AEON Biopharma Inc.,AMEX
AEP,American Electric Power Company Inc.,NASDAQ
AER,AerCap Holdings N.V.,NYSE
AERT,Aeries Technology Inc.,NASDAQ
AES,The AES Corporation,NYSE
AESI,Atlas Energy Solutions Inc.,NYSE
AEVA,Aeva Technologies Inc.,NYSE
AEYE,AudioEye Inc.,NASDAQ
AFBI,Affinity Bancshares Inc.,NASDAQ
AFCG,AFC Gamma Inc.,NASDAQ
AFG,American Financial Group Inc.,NYSE
AFJK,Aimei Health Technology Co. Ltd,NASDAQ
AFL,AFLAC Incorporated,NYSE
AFMD,Affimed N.V.,NASDAQ
AFRI,Forafric Global PLC,NASDAQ
AFRM,Affirm Holdings Inc.,NASDAQ
AFYA,Afya Limited,NASDAQ
AG,First Majestic Silver Corp.,NYSE
AGAE,Allied Gaming & Entertainment Inc.,NASDAQ
AGBA,AGBA Group Holding Limited,NASDAQ
AGCO,AGCO Corporation,NYSE
AGEN,Agenus Inc.,NASDAQ
AGFY,Agrify Corporation,NASDAQ
AGI,Alamos Gold Inc.,NYSE
AGIO,Agios Pharmaceuticals Inc.,NASDAQ
AGL,agilon health inc.,NYSE
AGM,Federal Agricultural Mortgage Corporation,NYSE
AGMH,AGM Group Holdings Inc.,NASDAQ
AGNC,AGNC Investment Corp.,NASDAQ
AGO,Assured Guaranty Ltd.,NYSE
AGR,Avangrid Inc.,NYSE
AGRI,AgriFORCE  Growing Systems Ltd.,NASDAQ
AGRO,Adecoagro S.A.,NYSE
AGS,PlayAGS Inc.,NYSE
AGX,Argan Inc.,NYSE
AGYS,Agilysys Inc.,NASDAQ
AHCO,AdaptHealth Corp.,NASDAQ
AHG,Akso Health Group,NASDAQ
AHH,Armada Hoffler Properties Inc.,NYSE
AHR,American Healthcare REIT Inc.,NYSE
AHT,Ashford Hospitality Trust Inc,NYSE
AI,C3.ai Inc.,NYSE
AIEV,Thunder Power Holdings Inc.,NASDAQ
AIFF,Firefly Neuroscience Inc.,NASDAQ
AIG,American International Group Inc.,NYSE
AIHS,Senmiao Technology Limited,NASDAQ
AILE,iLearningEngines Inc.,NASDAQ
AIM,AIM ImmunoTech Inc.,AMEX
AIMD,Ainos Inc.,NASDAQ
AIN,Albany International Corporation,NYSE
AIOT,PowerFleet Inc.,NASDAQ
AIP,Arteris Inc.,NASDAQ
AIR,AAR Corp.,NYSE
AIRE,reAlpha Tech Corp.,NASDAQ
AIRG,Airgain Inc.,NASDAQ
AIRI,Air Industries Group,AMEX
AIRJ,Montana Technologies Corporation,NASDAQ
AIRS,AirSculpt Technologies Inc.,NASDAQ
AIRT,Air T Inc.,NASDAQ
AISP,Airship AI Holdings Inc.,NASDAQ
AIT,Applied Industrial Technologies Inc.,NYSE
AITR,AI TRANSPORTATION ACQUISITION CORP,NASDAQ
AIV,Apartment Investment and Management Company,NYSE
AIXI,XIAO-I Corporation,NASDAQ
AIZ,Assurant Inc.,NYSE
AJG,Arthur J. Gallagher & Co.,NYSE
AJX,Great Ajax Corp.,NYSE
AKA,a.k.a. Brands Holding Corp.,NYSE
AKAM,Akamai Technologies Inc.,NASDAQ
AKAN,Akanda Corp.,NASDAQ
AKBA,Akebia Therapeutics Inc.,NASDAQ
AKO.A,Embotelladora Andina S.A.,NYSE
AKO.B,Embotelladora Andina S.A.,NYSE
AKR,Acadia Realty Trust,NYSE
AKRO,Akero Therapeutics Inc.,NASDAQ
AKTS,Akoustis Technologies Inc.,NASDAQ
AKTX,Akari Therapeutics plc,NASDAQ
AKYA,Akoya BioSciences Inc.,NASDAQ
AL,Air Lease Corporation,NYSE
ALAB,Astera Labs Inc.,NASDAQ
ALAR,Alarum Technologies Ltd.,NASDAQ
ALB,Albemarle Corporation,NYSE
ALBT,Avalon GloboCare Corp.,NASDAQ
ALC,Alcon Inc.,NYSE
ALCE,Alternus Clean Energy Inc.,NASDAQ
ALCO,Alico Inc.,NASDAQ
ALCY,Alchemy Investments Acquisition Corp 1,NASDAQ
ALDX,Aldeyra Therapeutics Inc.,NASDAQ
ALE,Allete Inc.,NYSE
ALEC,Alector Inc.,NASDAQ
ALEX,Alexander & Baldwin Inc.,NYSE
ALF,Centurion Acquisition Corp.,NASDAQ
ALG,Alamo Group Inc.,NYSE
ALGM,Allegro MicroSystems Inc.,NASDAQ
ALGN,Align Technology Inc.,NASDAQ
ALGS,Aligos Therapeutics Inc.,NASDAQ
ALGT,Allegiant Travel Company,NASDAQ
ALHC,Alignment Healthcare Inc.,NASDAQ
ALIM,Alimera Sciences Inc.,NASDAQ
ALIT,Alight Inc.,NYSE
ALK,Alaska Air Group Inc.,NYSE
ALKS,Alkermes plc,NASDAQ
ALKT,Alkami Technology Inc.,NASDAQ
ALL,Allstate Corporation (The),NYSE
ALLE,Allegion plc,NYSE
ALLK,Allakos Inc.,NASDAQ
ALLO,Allogene Therapeutics Inc.,NASDAQ
ALLR,Allarity Therapeutics Inc.,NASDAQ
ALLT,Allot Ltd.,NASDAQ
ALLY,Ally Financial Inc.,NYSE
ALMS,Alumis Inc.,NASDAQ
ALNT,Allient Inc.,NASDAQ
ALNY,Alnylam Pharmaceuticals Inc.,NASDAQ
ALOT,AstroNova Inc.,NASDAQ
ALPP,Alpine 4 Holdings Inc.,NASDAQ
ALRM,Alarm.com Holdings Inc.,NASDAQ
ALRN,Aileron Therapeutics Inc.,NASDAQ
ALRS,Alerus Financial Corporation,NASDAQ
ALSA,Alpha Star Acquisition Corporation,NASDAQ
ALSN,Allison Transmission Holdings Inc.,NYSE
ALT,Altimmune Inc.,NASDAQ
ALTG,Alta Equipment Group Inc.,NYSE
ALTI,AlTi Global Inc.,NASDAQ
ALTM,Arcadium Lithium plc,NYSE
ALTO,Alto Ingredients Inc.,NASDAQ
ALTR,Altair Engineering Inc.,NASDAQ
ALTS,ALT5 Sigma Corporation,NASDAQ
ALUR,Allurion Technologies Inc.,NYSE
ALV,Autoliv Inc.,NYSE
ALVO,Alvotech,NASDAQ
ALVR,AlloVir Inc.,NASDAQ
ALX,Alexander's Inc.,NYSE
ALXO,ALX Oncology Holdings Inc.,NASDAQ
ALZN,Alzamend Neuro Inc.,NASDAQ
AM,Antero Midstream Corporation,NYSE
AMAL,Amalgamated Financial Corp.,NASDAQ
AMAT,Applied Materials Inc.,NASDAQ
AMBA,Ambarella Inc.,NASDAQ
AMBC,Ambac Financial Group Inc.,NYSE
AMBI,Ambipar Emergency Response,AMEX
AMBO,Ambow Education Holding Ltd.,AMEX
AMBP,Ardagh Metal Packaging S.A.,NYSE
AMC,AMC Entertainment Holdings Inc.,NYSE
AMCR,Amcor plc,NYSE
AMCX,AMC Networks Inc.,NASDAQ
AMD,Advanced Micro Devices Inc.,NASDAQ
AME,AMETEK Inc.,NYSE
AMED,Amedisys Inc,NASDAQ
AMG,Affiliated Managers Group Inc.,NYSE
AMGN,Amgen Inc.,NASDAQ
AMH,American Homes 4 Rent,NYSE
AMIX,Autonomix Medical Inc.,NASDAQ
AMK,AssetMark Financial Holdings Inc.,NYSE
AMKR,Amkor Technology Inc.,NASDAQ
AMLI,American Lithium Corp.,NASDAQ
AMLX,Amylyx Pharmaceuticals Inc.,NASDAQ
AMN,AMN Healthcare Services Inc,NYSE
AMP,Ameriprise Financial Inc.,NYSE
AMPG,Amplitech Group Inc.,NASDAQ
AMPH,Amphastar Pharmaceuticals Inc.,NASDAQ
AMPL,Amplitude Inc.,NASDAQ
AMPS,Altus Power Inc.,NYSE
AMPX,Amprius Technologies Inc.,NYSE
AMPY,Amplify Energy Corp.,NYSE
AMR,Alpha Metallurgical Resources Inc.,NYSE
AMRC,Ameresco Inc.,NYSE
AMRK,A-Mark Precious Metals Inc.,NASDAQ
AMRN,Amarin Corporation plc,NASDAQ
AMRX,Amneal Pharmaceuticals Inc.,NASDAQ
AMS,American Shared Hospital Services,AMEX
AMSC,American Superconductor Corporation,NASDAQ
AMSF,AMERISAFE Inc.,NASDAQ
AMST,Amesite Inc.,NASDAQ
AMSWA,American Software Inc.,NASDAQ
AMT,American Tower Corporation (REIT),NYSE
AMTB,Amerant Bancorp Inc.,NYSE
AMTD,AMTD IDEA Group,NYSE
AMTX,Aemetis Inc. (DE),NASDAQ
AMWD,American Woodmark Corporation,NASDAQ
AMWL,American Well Corporation,NYSE
AMZN,Amazon.com Inc.,NASDAQ
AN,AutoNation Inc.,NYSE
ANAB,AnaptysBio Inc.,NASDAQ
ANDE,Andersons Inc. (The),NASDAQ
ANEB,Anebulo Pharmaceuticals Inc.,NASDAQ
ANET,Arista Networks Inc.,NYSE
ANF,Abercrombie & Fitch Company,NYSE
ANGH,Anghami Inc.,NASDAQ
ANGI,Angi Inc.,NASDAQ
ANGO,AngioDynamics Inc.,NASDAQ
ANIK,Anika Therapeutics Inc.,NASDAQ
ANIP,ANI Pharmaceuticals Inc.,NASDAQ
ANIX,Anixa Biosciences Inc.,NASDAQ
ANL,Adlai Nortye Ltd.,NASDAQ
ANNX,Annexon Inc.,NASDAQ
ANRO,Alto Neuroscience Inc.,NYSE
ANSC,Agriculture & Natural Solutions Acquisition Corporation,NASDAQ
ANSS,ANSYS Inc.,NASDAQ
ANTE,AirNet Technology Inc.,NASDAQ
ANTX,AN2 Therapeutics Inc.,NASDAQ
ANVS,Annovis Bio Inc.,NYSE
ANY,Sphere 3D Corp.,NASDAQ
AOGO,Arogo Capital Acquisition Corp.,NASDAQ
AOMR,Angel Oak Mortgage REIT Inc.,NYSE
AON,Aon plc,NYSE
AORT,Artivion Inc.,NYSE
AOS,A.O. Smith Corporation,NYSE
AOSL,Alpha and Omega Semiconductor Limited,NASDAQ
AOUT,American Outdoor Brands Inc.,NASDAQ
AP,Ampco-Pittsburgh Corporation,NYSE
APA,APA Corporation,NASDAQ
APAM,Artisan Partners Asset Management Inc.,NYSE
APCX,AppTech Payments Corp.,NASDAQ
APD,Air Products and Chemicals Inc.,NYSE
APDN,Applied DNA Sciences Inc.,NASDAQ
APEI,American Public Education Inc.,NASDAQ
APG,APi Group Corporation,NYSE
APGE,Apogee Therapeutics Inc.,NASDAQ
APH,Amphenol Corporation,NYSE
API,Agora Inc.,NASDAQ
APLD,Applied Digital Corporation,NASDAQ
APLE,Apple Hospitality REIT Inc.,NYSE
APLM,Apollomics Inc.,NASDAQ
APLS,Apellis Pharmaceuticals Inc.,NASDAQ
APLT,Applied Therapeutics Inc.,NASDAQ
APM,Aptorum Group Limited,NASDAQ
APO,Apollo Global Management Inc.,NYSE
APOG,Apogee Enterprises Inc.,NASDAQ
APP,Applovin Corporation,NASDAQ
APPF,AppFolio Inc.,NASDAQ
APPN,Appian Corporation,NASDAQ
APPS,Digital Turbine Inc.,NASDAQ
APRE,Aprea Therapeutics Inc.,NASDAQ
APT,Alpha Pro Tech Ltd.,AMEX
APTO,Aptose Biosciences Inc.,NASDAQ
APTV,Aptiv PLC,NYSE
APVO,Aptevo Therapeutics Inc.,NASDAQ
APWC,Asia Pacific Wire & Cable Corporation Ltd.,NASDAQ
APXI,APx Acquisition Corp. I,NASDAQ
APYX,Apyx Medical Corporation,NASDAQ
AQB,AquaBounty Technologies Inc.,NASDAQ
AQMS,Aqua Metals Inc.,NASDAQ
AQN,Algonquin Power & Utilities Corp.,NYSE
AQST,Aquestive Therapeutics Inc.,NASDAQ
AQU,Aquaron Acquisition Corp.,NASDAQ
AR,Antero Resources Corporation,NYSE
ARAY,Accuray Incorporated,NASDAQ
ARBB,ARB IOT Group Limited,NASDAQ
ARBE,Arbe Robotics Ltd.,NASDAQ
ARBK,Argo Blockchain plc,NASDAQ
ARC,ARC Document Solutions Inc.,NYSE
ARCB,ArcBest Corporation,NASDAQ
ARCC,Ares Capital Corporation,NASDAQ
ARCH,Arch Resources Inc.,NYSE
ARCO,Arcos Dorados Holdings Inc.,NYSE
ARCT,Arcturus Therapeutics Holdings Inc.,NASDAQ
ARDT,Ardent Health Partners Inc.,NYSE
ARDX,Ardelyx Inc.,NASDAQ
ARE,Alexandria Real Estate Equities Inc.,NYSE
AREB,American Rebel Holdings Inc.,NASDAQ
AREC,American Resources Corporation,NASDAQ
AREN,The Arena Group Holdings Inc.,AMEX
ARES,Ares Management Corporation,NYSE
ARGX,argenx SE,NASDAQ
ARHS,Arhaus Inc.,NASDAQ
ARI,Apollo Commercial Real Estate Finance Inc,NYSE
ARIS,Aris Water Solutions Inc.,NYSE
ARKO,ARKO Corp.,NASDAQ
ARKR,Ark Restaurants Corp.,NASDAQ
ARL,American Realty Investors Inc.,NYSE
ARLO,Arlo Technologies Inc.,NYSE
ARM,Arm Holdings plc,NASDAQ
ARMK,Aramark,NYSE
ARMN,Aris Mining Corporation,AMEX
ARMP,Armata Pharmaceuticals Inc.,AMEX
AROC,Archrock Inc.,NYSE
AROW,Arrow Financial Corporation,NASDAQ
ARQ,Arq Inc.,NASDAQ
ARQQ,Arqit Quantum Inc.,NASDAQ
ARQT,Arcutis Biotherapeutics Inc.,NASDAQ
ARR,ARMOUR Residential REIT Inc.,NYSE
ARRY,Array Technologies Inc.,NASDAQ
ARTL,Artelo Biosciences Inc.,NASDAQ
ARTNA,Artesian Resources Corporation,NASDAQ
ARTV,Artiva Biotherapeutics Inc.,NASDAQ
ARTW,Art's-Way Manufacturing Co. Inc.,NASDAQ
ARVN,Arvinas Inc.,NASDAQ
ARW,Arrow Electronics Inc.,NYSE
ARWR,Arrowhead Pharmaceuticals Inc.,NASDAQ
AS,Amer Sports Inc.,NYSE
ASA,ASA  Gold and Precious Metals Limited,NYSE
ASAI,Sendas Distribuidora S A,NYSE
ASAN,Asana Inc.,NYSE
ASB,Associated Banc-Corp,NYSE
ASC,Ardmore Shipping Corporation,NYSE
ASCB,A SPAC II Acquisition Corp.,NASDAQ
ASGN,ASGN Incorporated,NYSE
ASH,Ashland Inc.,NYSE
ASIX,AdvanSix Inc.,NYSE
ASLE,AerSale Corporation,NASDAQ
ASM,Avino Silver & Gold Mines Ltd.,AMEX
ASMB,Assembly Biosciences Inc.,NASDAQ
ASML,ASML Holding N.V. New York Registry,NASDAQ
ASND,Ascendis Pharma A/S,NASDAQ
ASNS,Actelis Networks Inc.,NASDAQ
ASO,Academy Sports and Outdoors Inc.,NASDAQ
ASPI,ASP Isotopes Inc.,NASDAQ
ASPN,Aspen Aerogels Inc.,NYSE
ASPS,Altisource Portfolio Solutions S.A.,NASDAQ
ASR,Grupo Aeroportuario del Sureste S.A. de C.V.,NYSE
ASRT,Assertio Holdings Inc.,NASDAQ
ASRV,AmeriServ Financial Inc.,NASDAQ
ASST,Asset Entities Inc.,NASDAQ
ASTC,Astrotech Corporation (DE),NASDAQ
ASTE,Astec Industries Inc.,NASDAQ
ASTH,Astrana Health Inc.,NASDAQ
ASTI,Ascent Solar Technologies Inc.,NASDAQ
ASTL,Algoma Steel Group Inc.,NASDAQ
ASTS,AST SpaceMobile Inc.,NASDAQ
ASUR,Asure Software Inc,NASDAQ
ASX,ASE Technology Holding Co. Ltd.,NYSE
ASYS,Amtech Systems Inc.,NASDAQ
ATAI,ATAI Life Sciences N.V.,NASDAQ
ATAT,Atour Lifestyle Holdings Limited,NASDAQ
ATCH,AtlasClear Holdings Inc.,AMEX
ATEC,Alphatec Holdings Inc.,NASDAQ
ATEK,Athena Technology Acquisition Corp. II,AMEX
ATEN,A10 Networks Inc.,NYSE
ATER,Aterian Inc.,NASDAQ
ATEX,Anterix Inc.,NASDAQ
ATGE,Adtalem Global Education Inc.,NYSE
ATGL,Alpha Technology Group Limited,NASDAQ
ATHA,Athira Pharma Inc.,NASDAQ
ATHE,Alterity Therapeutics Limited,NASDAQ
ATHM,Autohome Inc.,NYSE
ATI,ATI Inc.,NYSE
ATIF,ATIF Holdings Limited,NASDAQ
ATIP,ATI Physical Therapy Inc.,NYSE
ATKR,Atkore Inc.,NYSE
ATLC,Atlanticus Holdings Corporation,NASDAQ
ATLO,Ames National Corporation,NASDAQ
ATLX,Atlas Lithium Corporation,NASDAQ
ATMC,AlphaTime Acquisition Corp,NASDAQ
ATMU,Atmus Filtration Technologies Inc.,NYSE
ATMV,AlphaVest Acquisition Corp,NASDAQ
ATNF,180 Life Sciences Corp.,NASDAQ
ATNI,ATN International Inc.,NASDAQ
ATNM,Actinium Pharmaceuticals Inc. (Delaware),AMEX
ATO,Atmos Energy Corporation,NYSE
ATOM,Atomera Incorporated,NASDAQ
ATOS,Atossa Therapeutics Inc.,NASDAQ
ATPC,Agape ATP Corporation,NASDAQ
ATR,AptarGroup Inc.,NYSE
ATRA,Atara Biotherapeutics Inc.,NASDAQ
ATRC,AtriCure Inc.,NASDAQ
ATRO,Astronics Corporation,NASDAQ
ATS,ATS Corporation,NYSE
ATSG,Air Transport Services Group Inc,NASDAQ
ATUS,Altice USA Inc.,NYSE
ATXG,Addentax Group Corp.,NASDAQ
ATXI,Avenue Therapeutics Inc.,NASDAQ
ATXS,Astria Therapeutics Inc.,NASDAQ
ATYR,aTyr Pharma Inc.,NASDAQ
AU,AngloGold Ashanti PLC,NYSE
AUB,Atlantic Union Bankshares Corporation,NYSE
AUBN,Auburn National Bancorporation Inc.,NASDAQ
AUDC,AudioCodes Ltd.,NASDAQ
AUGX,Augmedix Inc.,NASDAQ
AUID,authID Inc.,NASDAQ
AULT,Ault Alliance Inc.,AMEX
AUMN,Golden Minerals Company,AMEX
AUNA,Auna SA,NYSE
AUPH,Aurinia Pharmaceuticals Inc,NASDAQ
AUR,Aurora Innovation Inc.,NASDAQ
AURA,Aura Biosciences Inc.,NASDAQ
AUST,Austin Gold Corp.,AMEX
AUTL,Autolus Therapeutics plc,NASDAQ
AUUD,Auddia Inc.,NASDAQ
AVA,Avista Corporation,NYSE
AVAH,Aveanna Healthcare Holdings Inc.,NASDAQ
AVAV,AeroVironment Inc.,NASDAQ
AVB,AvalonBay Communities Inc.,NYSE
AVBP,ArriVent BioPharma Inc.,NASDAQ
AVD,American Vanguard Corporation,NYSE
AVDL,Avadel Pharmaceuticals plc,NASDAQ
AVDX,AvidXchange Holdings Inc.,NASDAQ
AVGO,Broadcom Inc.,NASDAQ
AVGR,Avinger Inc.,NASDAQ
AVIR,Atea Pharmaceuticals Inc.,NASDAQ
AVNS,Avanos Medical Inc.,NYSE
AVNT,Avient Corporation,NYSE
AVNW,Aviat Networks Inc.,NASDAQ
AVO,Mission Produce Inc.,NASDAQ
AVPT,AvePoint Inc.,NASDAQ
AVT,Avnet Inc.,NASDAQ
AVTE,Aerovate Therapeutics Inc.,NASDAQ
AVTR,Avantor Inc.,NYSE
AVTX,Avalo Therapeutics Inc.,NASDAQ
AVXL,Anavex Life Sciences Corp.,NASDAQ
AVY,Avery Dennison Corporation,NYSE
AWH,Aspira Women's Health Inc.,NASDAQ
AWI,Armstrong World Industries Inc,NYSE
AWK,American Water Works Company Inc.,NYSE
AWR,American States Water Company,NYSE
AWRE,Aware Inc.,NASDAQ
AWX,Avalon Holdings Corporation,AMEX
AX,Axos Financial Inc.,NYSE
AXDX,Accelerate Diagnostics Inc.,NASDAQ
AXGN,Axogen Inc.,NASDAQ
AXIL,AXIL Brands Inc.,AMEX
AXL,American Axle & Manufacturing Holdings Inc.,NYSE
AXNX,Axonics Inc.,NASDAQ
AXON,Axon Enterprise Inc.,NASDAQ
AXP,American Express Company,NYSE
AXR,AMREP Corporation,NYSE
AXS,Axis Capital Holdings Limited,NYSE
AXSM,Axsome Therapeutics Inc.,NASDAQ
AXTA,Axalta Coating Systems Ltd.,NYSE
AXTI,AXT Inc,NASDAQ
AY,Atlantica Sustainable Infrastructure plc,NASDAQ
AYI,Acuity Brands Inc. ,NYSE
AYRO,AYRO Inc.,NASDAQ
AYTU,Aytu BioPharma Inc. ,NASDAQ
AZ,A2Z Smart Technologies Corp.,NASDAQ
AZEK,The AZEK Company Inc.,NYSE
AZN,AstraZeneca PLC,NASDAQ
AZO,AutoZone Inc.,NYSE
AZPN,Aspen Technology Inc.,NASDAQ
AZTA,Azenta Inc.,NASDAQ
AZTR,Azitra Inc,AMEX
AZZ,AZZ Inc.,NYSE
B,Barnes Group Inc.,NYSE
BA,Boeing Company (The),NYSE
BABA,Alibaba Group Holding Limited,NYSE
BAC,Bank of America Corporation,NYSE
BACA,Berenson Acquisition Corp. I,AMEX
BACK,IMAC Holdings Inc.,NASDAQ
BAER,Bridger Aerospace Group Holdings Inc.,NASDAQ
BAFN,BayFirst Financial Corp.,NASDAQ
BAH,Booz Allen Hamilton Holding Corporation,NYSE
BAK,Braskem SA,NYSE
BALL,Ball Corporation,NYSE
BALY,Bally's Corporation,NYSE
BAM,Brookfield Asset Management Inc,NYSE
BANC,Banc of California Inc.,NYSE
BAND,Bandwidth Inc.,NASDAQ
BANF,BancFirst Corporation,NASDAQ
BANL,CBL International Limited,NASDAQ
BANR,Banner Corporation,NASDAQ
BANX,ArrowMark Financial Corp.,NASDAQ
BAOS,Baosheng Media Group Holdings Limited,NASDAQ
BAP,Credicorp Ltd.,NYSE
BARK,BARK Inc.,NYSE
BASE,Couchbase Inc.,NASDAQ
BATL,Battalion Oil Corporation,AMEX
BATRA,Atlanta Braves Holdings Inc.,NASDAQ
BATRK,Atlanta Braves Holdings Inc.,NASDAQ
BAX,Baxter International Inc.,NYSE
BAYA,Bayview Acquisition Corp,NASDAQ
BB,BlackBerry Limited,NYSE
BBAI,BigBear.ai Inc.,NYSE
BBAR,Banco BBVA Argentina S.A.,NYSE
BBCP,Concrete Pumping Holdings Inc.,NASDAQ
BBD,Banco Bradesco Sa,NYSE
BBDC,Barings BDC Inc.,NYSE
BBDO,Banco Bradesco Sa,NYSE
BBGI,Beasley Broadcast Group Inc.,NASDAQ
BBIO,BridgeBio Pharma Inc.,NASDAQ
BBLG,Bone Biologics Corp,NASDAQ
BBSI,Barrett Business Services Inc.,NASDAQ
BBUC,Brookfield Business Corporation,NYSE
BBVA,Banco Bilbao Vizcaya Argentaria S.A.,NYSE
BBW,Build-A-Bear Workshop Inc.,NYSE
BBWI,Bath & Body Works Inc.,NYSE
BBY,Best Buy Co. Inc.,NYSE
BC,Brunswick Corporation,NYSE
BCAB,BioAtla Inc.,NASDAQ
BCAL,California BanCorp,NASDAQ
BCAN,Femto Technologies Inc.,NASDAQ
BCAT,BlackRock Capital Allocation Term Trust,NYSE
BCBP,BCB Bancorp Inc. (NJ),NASDAQ
BCC,Boise Cascade L.L.C.,NYSE
BCDA,BioCardia Inc.,NASDAQ
BCE,BCE Inc.,NYSE
BCG,Binah Capital Group Inc.,NASDAQ
BCH,Banco De Chile,NYSE
BCLI,Brainstorm Cell Therapeutics Inc.,NASDAQ
BCML,BayCom Corp,NASDAQ
BCO,Brinks Company (The),NYSE
BCOV,Brightcove Inc.,NASDAQ
BCOW,1895 Bancorp of Wisconsin Inc. (MD),NASDAQ
BCPC,Balchem Corporation,NASDAQ
BCRX,BioCryst Pharmaceuticals Inc.,NASDAQ
BCS,Barclays PLC,NYSE
BCSA,Blockchain Coinvestors Acquisition Corp. I,NASDAQ
BCSF,Bain Capital Specialty Finance Inc.,NYSE
BCTX,BriaCell Therapeutics Corp.,NASDAQ
BCX,BlackRock Resources,NYSE
BCYC,Bicycle Therapeutics plc,NASDAQ
BDC,Belden Inc,NYSE
BDJ,Blackrock Enhanced Equity Dividend Trust,NYSE
BDL,Flanigan's Enterprises Inc.,AMEX
BDN,Brandywine Realty Trust,NYSE
BDRX,Biodexa Pharmaceuticals plc,NASDAQ
BDSX,Biodesix Inc.,NASDAQ
BDTX,Black Diamond Therapeutics Inc.,NASDAQ
BDX,Becton Dickinson and Company,NYSE
BE,Bloom Energy Corporation,NYSE
BEAM,Beam Therapeutics Inc.,NASDAQ
BEAT,Heartbeam Inc.,NASDAQ
BECN,Beacon Roofing Supply Inc.,NASDAQ
BEDU,Bright Scholar Education Holdings Limited,NYSE
BEEM,Beam Global,NASDAQ
BEEP,Mobile Infrastructure Corporation,AMEX
BEKE,KE Holdings Inc,NYSE
BELFA,Bel Fuse Inc.,NASDAQ
BELFB,Bel Fuse Inc.,NASDAQ
BEN,Franklin Resources Inc.,NYSE
BENF,Beneficient,NASDAQ
BEP,Brookfield Renewable Partners L.P. ,NYSE
BEPC,Brookfield Renewable Corporation,NYSE
BERY,Berry Global Group Inc.,NYSE
BEST,BEST Inc.,NYSE
BETR,Better Home & Finance Holding Company,NASDAQ
BF.A,Brown Forman Corporation,NYSE
BF.B,Brown Forman Corporation,NYSE
BFAC,Battery Future Acquisition Corp.,NYSE
BFAM,Bright Horizons Family Solutions Inc.,NYSE
BFC,Bank First Corporation,NASDAQ
BFH,Bread Financial Holdings Inc.,NYSE
BFI,BurgerFi International Inc.,NASDAQ
BFIN,BankFinancial Corporation,NASDAQ
BFLY,Butterfly Network Inc.,NYSE
BFRG,Bullfrog AI Holdings Inc.,NASDAQ
BFRI,Biofrontera Inc.,NASDAQ
BFS,Saul Centers Inc.,NYSE
BFST,Business First Bancshares Inc.,NASDAQ
BG,Bunge Limited,NYSE
BGC,BGC Group Inc.,NASDAQ
BGFV,Big 5 Sporting Goods Corporation,NASDAQ
BGI,Birks Group Inc.,AMEX
BGLC,BioNexus Gene Lab Corp,NASDAQ
BGM,Qilian International Holding Group Ltd.,NASDAQ
BGNE,BeiGene Ltd.,NASDAQ
BGR,BlackRock Energy and Resources Trust,NYSE
BGS,B&G Foods Inc.,NYSE
BGSF,BGSF Inc.,NYSE
BGXX,Bright Green Corporation,NASDAQ
BGY,Blackrock Enhanced International Dividend Trust,NYSE
BH,Biglari Holdings Inc.,NYSE
BHAC,Focus Impact BH3 Acquisition Company,NASDAQ
BHAT,Blue Hat Interactive Entertainment Technology,NASDAQ
BHB,Bar Harbor Bankshares Inc.,AMEX
BHC,Bausch Health Companies Inc.,NYSE
BHE,Benchmark Electronics Inc.,NYSE
BHF,Brighthouse Financial Inc.,NASDAQ
BHIL,Benson Hill Inc.,NYSE
BHLB,Berkshire Hills Bancorp Inc.,NYSE
BHM,Bluerock Homes Trust Inc.,AMEX
BHP,BHP Group Limited,NYSE
BHR,Braemar Hotels & Resorts Inc.,NYSE
BHRB,Burke & Herbert Financial Services Corp.,NASDAQ
BHVN,Biohaven Ltd.,NYSE
BIAF,bioAffinity Technologies Inc.,NASDAQ
BIDU,Baidu Inc.,NASDAQ
BIG,Big Lots Inc.,NYSE
BIGC,BigCommerce Holdings Inc. Series 1,NASDAQ
BIGZ,BlackRock Innovation and Growth Term Trust,NYSE
BIIB,Biogen Inc.,NASDAQ
BILI,Bilibili Inc.,NASDAQ
BILL,BILL Holdings Inc.,NYSE
BIO,Bio-Rad Laboratories Inc.,NYSE
BIO.B,Bio-Rad Laboratories Inc.,NYSE
BIOR,Biora Therapeutics Inc.,NASDAQ
BIOX,Bioceres Crop Solutions Corp.,NASDAQ
BIPC,Brookfield Infrastructure Corporation ,NYSE
BIRD,Allbirds Inc.,NASDAQ
BIRK,Birkenstock Holding plc,NYSE
BIT,BlackRock Multi-Sector Income Trust,NYSE
BITF,Bitfarms Ltd.,NASDAQ
BIVI,BioVie Inc.,NASDAQ
BJ,BJ's Wholesale Club Holdings Inc.,NYSE
BJDX,Bluejay Diagnostics Inc.,NASDAQ
BJRI,BJ's Restaurants Inc.,NASDAQ
BK,The Bank of New York Mellon Corporation,NYSE
BKD,Brookdale Senior Living Inc.,NYSE
BKE,Buckle Inc. (The),NYSE
BKH,Black Hills Corporation,NYSE
BKHA,Black Hawk Acquisition Corporation,NASDAQ
BKKT,Bakkt Holdings Inc.,NYSE
BKNG,Booking Holdings Inc.,NASDAQ
BKR,Baker Hughes Company,NASDAQ
BKSY,BlackSky Technology Inc.,NYSE
BKT,BlackRock Income Trust Inc. (The),NYSE
BKTI,BK Technologies Corporation,AMEX
BKU,BankUnited Inc.,NYSE
BKYI,BIO-key International Inc.,NASDAQ
BL,BlackLine Inc.,NASDAQ
BLAC,Bellevue Life Sciences Acquisition Corp.,NASDAQ
BLBD,Blue Bird Corporation,NASDAQ
BLBX,Blackboxstocks Inc.,NASDAQ
BLCO,Bausch + Lomb Corporation,NYSE
BLD,TopBuild Corp.,NYSE
BLDE,Blade Air Mobility Inc.,NASDAQ
BLDP,Ballard Power Systems Inc.,NASDAQ
BLDR,Builders FirstSource Inc.,NYSE
BLEU,bleuacacia ltd,NASDAQ
BLFS,BioLife Solutions Inc.,NASDAQ
BLFY,Blue Foundry Bancorp,NASDAQ
BLIN,Bridgeline Digital Inc.,NASDAQ
BLK,BlackRock Inc.,NYSE
BLKB,Blackbaud Inc.,NASDAQ
BLMN,Bloomin' Brands Inc.,NASDAQ
BLMZ,BloomZ Inc.,NASDAQ
BLND,Blend Labs Inc.,NYSE
BLNK,Blink Charging Co.,NASDAQ
BLRX,BioLineRx Ltd.,NASDAQ
BLTE,Belite Bio Inc,NASDAQ
BLUE,bluebird bio Inc.,NASDAQ
BLW,Blackrock Limited Duration Income Trust,NYSE
BLX,Banco Latinoamericano de Comercio Exterior S.A.,NYSE
BLZE,Backblaze Inc.,NASDAQ
BMA,Banco Macro S.A. ,NYSE
BMBL,Bumble Inc.,NASDAQ
BME,Blackrock Health Sciences Trust,NYSE
BMEA,Biomea Fusion Inc.,NASDAQ
BMEZ,BlackRock Health Sciences Term Trust,NYSE
BMI,Badger Meter Inc.,NYSE
BMO,Bank Of Montreal,NYSE
BMR,Beamr Imaging Ltd.,NASDAQ
BMRA,Biomerica Inc.,NASDAQ
BMRC,Bank of Marin Bancorp,NASDAQ
BMRN,BioMarin Pharmaceutical Inc.,NASDAQ
BMTX,BM Technologies Inc.,AMEX
BMY,Bristol-Myers Squibb Company,NYSE
BN,Brookfield Corporation,NYSE
BNAI,Brand Engagement Network Inc.,NASDAQ
BNED,Barnes & Noble Education Inc,NYSE
BNGO,Bionano Genomics Inc.,NASDAQ
BNIX,Bannix Acquisition Corp.,NASDAQ
BNL,Broadstone Net Lease Inc.,NYSE
BNOX,Bionomics Limited,NASDAQ
BNR,Burning Rock Biotech Limited,NASDAQ
BNRE,Brookfield Reinsurance Ltd.,NYSE
BNRG,Brenmiller Energy Ltd,NASDAQ
BNS,Bank Nova Scotia Halifax Pfd 3,NYSE
BNTC,Benitec Biopharma Inc.,NASDAQ
BNTX,BioNTech SE,NASDAQ
BNZI,Banzai International Inc.,NASDAQ
BOC,Boston Omaha Corporation,NYSE
BOCN,Blue Ocean Acquisition Corp,NASDAQ
BODI,The Beachbody Company Inc.,NYSE
BOE,Blackrock Enhanced Global Dividend Trust,NYSE
BOF,BranchOut Food Inc.,NASDAQ
BOH,Bank of Hawaii Corporation,NYSE
BOKF,BOK Financial Corporation,NASDAQ
BOLD,Boundless Bio Inc.,NASDAQ
BOLT,Bolt Biotherapeutics Inc.,NASDAQ
BON,Bon Natural Life Limited,NASDAQ
BOOM,DMC Global Inc.,NASDAQ
BOOT,Boot Barn Holdings Inc.,NYSE
BORR,Borr Drilling Limited,NYSE
BOSC,B.O.S. Better Online Solutions,NASDAQ
BOTJ,Bank of the James Financial Group Inc.,NASDAQ
BOW,Bowhead Specialty Holdings Inc.,NYSE
BOWL,Bowlero Corp.,NYSE
BOWN,Bowen Acquisition Corp,NASDAQ
BOX,Box Inc.,NYSE
BOXL,Boxlight Corporation,NASDAQ
BP,BP p.l.c.,NYSE
BPMC,Blueprint Medicines Corporation,NASDAQ
BPOP,Popular Inc.,NASDAQ
BPRN,Princeton Bancorp Inc.,NASDAQ
BPT,BP Prudhoe Bay Royalty Trust,NYSE
BPTH,Bio-Path Holdings Inc.,NASDAQ
BQ,Boqii Holding Limited,AMEX
BR,Broadridge Financial Solutions Inc.,NYSE
BRAG,Bragg Gaming Group Inc.,NASDAQ
BRBR,BellRing Brands Inc.,NYSE
BRBS,Blue Ridge Bankshares Inc.,AMEX
BRC,Brady Corporation,NYSE
BRCC,BRC Inc.,NYSE
BRDG,Bridge Investment Group Holdings Inc.,NYSE
BREA,Brera Holdings PLC,NASDAQ
BRFH,Barfresh Food Group Inc.,NASDAQ
BRFS,BRF S.A.,NYSE
BRID,Bridgford Foods Corporation,NASDAQ
BRK.A,Berkshire Hathaway Inc.,NYSE
BRK.B,Berkshire Hathaway Inc.,NYSE
BRKH,BurTech Acquisition Corp.,NASDAQ
BRKL,Brookline Bancorp Inc.,NASDAQ
BRKR,Bruker Corporation,NASDAQ
BRLS,Borealis Foods Inc.,NASDAQ
BRLT,Brilliant Earth Group Inc.,NASDAQ
BRN,Barnwell Industries Inc.,AMEX
BRNS,Barinthus Biotherapeutics plc,NASDAQ
BRO,Brown & Brown Inc.,NYSE
BROG,Brooge Energy Limited,NASDAQ
BROS,Dutch Bros Inc.,NYSE
BRSP,BrightSpire Capital Inc.,NYSE
BRT,BRT Apartments Corp. (MD),NYSE
BRTX,BioRestorative Therapies Inc.,NASDAQ
BRX,Brixmor Property Group Inc.,NYSE
BRY,Berry Corporation (bry),NASDAQ
BRZE,Braze Inc.,NASDAQ
BSAC,Banco Santander - Chile,NYSE
BSBK,Bogota Financial Corp.,NASDAQ
BSET,Bassett Furniture Industries Incorporated,NASDAQ
BSFC,Blue Star Foods Corp.,NASDAQ
BSIG,BrightSphere Investment Group Inc.,NYSE
BSLK,Bolt Projects Holdings Inc.,NASDAQ
BSRR,Sierra Bancorp,NASDAQ
BST,BlackRock Science and Technology Trust,NYSE
BSTZ,BlackRock Science and Technology Term Trust,NYSE
BSVN,Bank7 Corp.,NASDAQ
BSX,Boston Scientific Corporation,NYSE
BSY,Bentley Systems Incorporated,NASDAQ
BTAI,BioXcel Therapeutics Inc.,NASDAQ
BTBD,BT Brands Inc.,NASDAQ
BTBT,Bit Digital Inc.,NASDAQ
BTCM,BIT Mining Limited,NYSE
BTCS,BTCS Inc.,NASDAQ
BTCT,BTC Digital Ltd.,NASDAQ
BTDR,Bitdeer Technologies Group,NASDAQ
BTE,Baytex Energy Corp,NYSE
BTG,B2Gold Corp,AMEX
BTI,British American Tobacco  Industries p.l.c.,NYSE
BTM,Bitcoin Depot Inc.,NASDAQ
BTMD,Biote Corp.,NASDAQ
BTOC,Armlogi Holding Corp.,NASDAQ
BTOG,Bit Origin Limited,NASDAQ
BTSG,BrightSpring Health Services Inc.,NASDAQ
BTTR,Better Choice Company Inc.,AMEX
BTU,Peabody Energy Corporation,NYSE
BTZ,BlackRock Credit Allocation Income Trust,NYSE
BUD,Anheuser-Busch Inbev SA Sponsored,NYSE
BUI,BlackRock Utility Infrastructure & Power Opportunities Trust,NYSE
BUJA,Bukit Jalil Global Acquisition 1 Ltd.,NASDAQ
BUR,Burford Capital Limited,NYSE
BURL,Burlington Stores Inc.,NYSE
BURU,Nuburu Inc.,AMEX
BUSE,First Busey Corporation,NASDAQ
BV,BrightView Holdings Inc.,NYSE
BVFL,BV Financial Inc.,NASDAQ
BVN,Buenaventura Mining Company Inc.,NYSE
BVS,Bioventus Inc.,NASDAQ
BW,Babcock & Wilcox Enterprises Inc.,NYSE
BWA,BorgWarner Inc.,NYSE
BWAY,BrainsWay Ltd.,NASDAQ
BWB,Bridgewater Bancshares Inc.,NASDAQ
BWEN,Broadwind Inc.,NASDAQ
BWFG,Bankwell Financial Group Inc.,NASDAQ
BWIN,The Baldwin Insurance Group Inc.,NASDAQ
BWLP,BW LPG Limited,NYSE
BWMN,Bowman Consulting Group Ltd.,NASDAQ
BWMX,Betterware de Mexico S.A.P.I. de C.V.,NYSE
BWXT,BWX Technologies Inc.,NYSE
BX,Blackstone Inc.,NYSE
BXC,Bluelinx Holdings Inc.,NYSE
BXMT,Blackstone Mortgage Trust Inc.,NYSE
BXP,BXP Inc.,NYSE
BY,Byline Bancorp Inc.,NYSE
BYD,Boyd Gaming Corporation,NYSE
BYFC,Broadway Financial Corporation,NASDAQ
BYND,Beyond Meat Inc.,NASDAQ
BYNO,byNordic Acquisition Corporation,NASDAQ
BYON,Beyond Inc.,NYSE
BYRN,Byrna Technologies Inc.,NASDAQ
BYSI,BeyondSpring Inc.,NASDAQ
BYU,BAIYU Holdings Inc.,NASDAQ
BZ,KANZHUN LIMITED,NASDAQ
BZFD,BuzzFeed Inc.,NASDAQ
BZH,Beazer Homes USA Inc.,NYSE
BZUN,Baozun Inc.,NASDAQ
C,Citigroup Inc.,NYSE
CAAP,Corporacion America Airports SA,NYSE
CAAS,China Automotive Systems Inc.,NASDAQ
CABA,Cabaletta Bio Inc.,NASDAQ
CABO,Cable One Inc.,NYSE
CAC,Camden National Corporation,NASDAQ
CACC,Credit Acceptance Corporation,NASDAQ
CACI,CACI International Inc.,NYSE
CACO,Caravelle International Group,NASDAQ
CADE,Cadence Bank,NYSE
CADL,Candel Therapeutics Inc.,NASDAQ
CAE,CAE Inc.,NYSE
CAG,ConAgra Brands Inc.,NYSE
CAH,Cardinal Health Inc.,NYSE
CAKE,Cheesecake Factory Incorporated (The),NASDAQ
CAL,Caleres Inc.,NYSE
CALC,CalciMedica Inc.,NASDAQ
CALM,Cal-Maine Foods Inc.,NASDAQ
CALT,Calliditas Therapeutics AB,NASDAQ
CALX,Calix Inc,NYSE
CAMT,Camtek Ltd.,NASDAQ
CAN,Canaan Inc.,NASDAQ
CANF,Can-Fite Biopharma Ltd Sponsored,AMEX
CANG,Cango Inc.,NYSE
CAPR,Capricor Therapeutics Inc.,NASDAQ
CAPT,Captivision Inc.,NASDAQ
CAR,Avis Budget Group Inc.,NASDAQ
CARA,Cara Therapeutics Inc.,NASDAQ
CARE,Carter Bankshares Inc.,NASDAQ
CARG,CarGurus Inc.,NASDAQ
CARM,Carisma Therapeutics Inc.,NASDAQ
CARR,Carrier Global Corporation,NYSE
CARS,Cars.com Inc.,NYSE
CART,Maplebear Inc.,NASDAQ
CARV,Carver Bancorp Inc.,NASDAQ
CASH,Pathward Financial Inc.,NASDAQ
CASI,CASI Pharmaceuticals Inc.,NASDAQ
CASS,Cass Information Systems Inc,NASDAQ
CASY,Casey's General Stores Inc.,NASDAQ
CAT,Caterpillar Inc.,NYSE
CATO,Cato Corporation (The),NYSE
CATX,Perspective Therapeutics Inc.,AMEX
CATY,Cathay General Bancorp,NASDAQ
CAVA,CAVA Group Inc.,NYSE
CB,Chubb Limited ,NYSE
CBAN,Colony Bankcorp Inc.,NASDAQ
CBAT,CBAK Energy Technology Inc.,NASDAQ
CBFV,CB Financial Services Inc.,NASDAQ
CBL,CBL & Associates Properties Inc.,NYSE
CBNK,Capital Bancorp Inc.,NASDAQ
CBRE,CBRE Group Inc,NYSE
CBRG,Chain Bridge I,NASDAQ
CBRL,Cracker Barrel Old Country Store Inc,NASDAQ
CBSH,Commerce Bancshares Inc.,NASDAQ
CBT,Cabot Corporation,NYSE
CBU,Community Financial System Inc.,NYSE
CBUS,Cibus Inc.,NASDAQ
CBZ,CBIZ Inc.,NYSE
CC,Chemours Company (The),NYSE
CCAP,Crescent Capital BDC Inc.,NASDAQ
CCB,Coastal Financial Corporation,NASDAQ
CCBG,Capital City Bank Group,NASDAQ
CCCC,C4 Therapeutics Inc.,NASDAQ
CCCS,CCC Intelligent Solutions Holdings Inc.,NASDAQ
CCEL,Cryo-Cell International Inc.,AMEX
CCEP,Coca-Cola Europacific Partners plc,NASDAQ
CCG,Cheche Group Inc.,NASDAQ
CCI,Crown Castle Inc.,NYSE
CCIX,Churchill Capital Corp IX,NASDAQ
CCJ,Cameco Corporation,NYSE
CCK,Crown Holdings Inc.,NYSE
CCL,Carnival Corporation,NYSE
CCLD,CareCloud Inc.,NASDAQ
CCM,Concord Medical Services Holdings Limited,NYSE
CCNE,CNB Financial Corporation,NASDAQ
CCO,Clear Channel Outdoor Holdings Inc.,NYSE
CCOI,Cogent Communications Holdings Inc.,NASDAQ
CCRD,CoreCard Corporation,NYSE
CCRN,Cross Country Healthcare Inc.,NASDAQ
CCS,Century Communities Inc.,NYSE
CCSI,Consensus Cloud Solutions Inc.,NASDAQ
CCTG,CCSC Technology International Holdings Limited,NASDAQ
CCTS,Cactus Acquisition Corp. 1 Limited,NASDAQ
CCU,Compania Cervecerias Unidas S.A.,NYSE
CCZ,Comcast Holdings ZONES,NYSE
CDAQ,Compass Digital Acquisition Corp.,NASDAQ
CDE,Coeur Mining Inc.,NYSE
CDIO,Cardio Diagnostics Holdings Inc.,NASDAQ
CDLR,Cadeler A/S,NYSE
CDLX,Cardlytics Inc.,NASDAQ
CDMO,Avid Bioservices Inc.,NASDAQ
CDNA,CareDx Inc.,NASDAQ
CDNS,Cadence Design Systems Inc.,NASDAQ
CDP,COPT Defense Properties,NYSE
CDRE,Cadre Holdings Inc.,NYSE
CDRO,Codere Online Luxembourg S.A.,NASDAQ
CDT,Conduit Pharmaceuticals Inc.,NASDAQ
CDTG,CDT Environmental Technology Investment Holdings Limited ordinary shares,NASDAQ
CDTX,Cidara Therapeutics Inc.,NASDAQ
CDW,CDW Corporation,NASDAQ
CDXC,ChromaDex Corporation,NASDAQ
CDXS,Codexis Inc.,NASDAQ
CDZI,CADIZ Inc.,NASDAQ
CE,Celanese Corporation,NYSE
CEAD,CEA Industries Inc.,NASDAQ
CECO,CECO Environmental Corp.,NASDAQ
CEG,Constellation Energy Corporation,NASDAQ
CEIX,CONSOL Energy Inc.,NYSE
CELC,Celcuity Inc.,NASDAQ
CELH,Celsius Holdings Inc.,NASDAQ
CELU,Celularity Inc.,NASDAQ
CELZ,Creative Medical Technology Holdings Inc.,NASDAQ
CENN,Cenntro Inc.,NASDAQ
CENT,Central Garden & Pet Company,NASDAQ
CENTA,Central Garden & Pet Company,NASDAQ
CENX,Century Aluminum Company,NASDAQ
CEP,Cantor Equity Partners Inc.,NASDAQ
CEPU,Central Puerto S.A.,NYSE
CERO,CERo Therapeutics Holdings Inc.,NASDAQ
CERS,Cerus Corporation,NASDAQ
CERT,Certara Inc.,NASDAQ
CET,Central Securities Corporation,AMEX
CETX,Cemtrex Inc.,NASDAQ
CETY,Clean Energy Technologies Inc.,NASDAQ
CEVA,CEVA Inc.,NASDAQ
CF,CF Industries Holdings Inc.,NYSE
CFB,CrossFirst Bankshares Inc.,NASDAQ
CFBK,CF Bankshares Inc.,NASDAQ
CFFI,C&F Financial Corporation,NASDAQ
CFFN,Capitol Federal Financial Inc.,NASDAQ
CFFS,CF Acquisition Corp. VII,NASDAQ
CFG,Citizens Financial Group Inc.,NYSE
CFLT,Confluent Inc.,NASDAQ
CFR,Cullen/Frost Bankers Inc.,NYSE
CFSB,CFSB Bancorp Inc.,NASDAQ
CG,The Carlyle Group Inc.,NASDAQ
CGA,China Green Agriculture Inc.,NYSE
CGAU,Centerra Gold Inc.,NYSE
CGBD,Carlyle Secured Lending Inc.,NASDAQ
CGBS,Crown LNG Holdings Limited,NASDAQ
CGC,Canopy Growth Corporation,NASDAQ
CGEM,Cullinan Therapeutics Inc.,NASDAQ
CGEN,Compugen Ltd.,NASDAQ
CGNT,Cognyte Software Ltd.,NASDAQ
CGNX,Cognex Corporation,NASDAQ
CGON,CG Oncology Inc.,NASDAQ
CGTX,Cognition Therapeutics Inc.,NASDAQ
CHCI,Comstock Holding Companies Inc.,NASDAQ
CHCO,City Holding Company,NASDAQ
CHCT,Community Healthcare Trust Incorporated,NYSE
CHD,Church & Dwight Company Inc.,NYSE
CHDN,Churchill Downs Incorporated,NASDAQ
CHE,Chemed Corp,NYSE
CHEB,Chenghe Acquisition II Co.,AMEX
CHEF,The Chefs' Warehouse Inc.,NASDAQ
CHEK,Check-Cap Ltd.,NASDAQ
CHGG,Chegg Inc.,NYSE
CHH,Choice Hotels International Inc.,NYSE
CHK,Chesapeake Energy Corporation,NASDAQ
CHKP,Check Point Software Technologies Ltd.,NASDAQ
CHMG,Chemung Financial Corp,NASDAQ
CHMI,Cherry Hill Mortgage Investment Corporation,NYSE
CHNR,China Natural Resources Inc.,NASDAQ
CHPT,ChargePoint Holdings Inc.,NYSE
CHR,Cheer Holding Inc.,NASDAQ
CHRD,Chord Energy Corporation,NASDAQ
CHRO,Chromocell Therapeutics Corporation,AMEX
CHRS,Coherus BioSciences Inc.,NASDAQ
CHRW,C.H. Robinson Worldwide Inc.,NASDAQ
CHSN,Chanson International Holding,NASDAQ
CHT,Chunghwa Telecom Co. Ltd.,NYSE
CHTR,Charter Communications Inc.,NASDAQ
CHUY,Chuy's Holdings Inc.,NASDAQ
CHWY,Chewy Inc.,NYSE
CHX,ChampionX Corporation,NASDAQ
CI,The Cigna Group,NYSE
CIA,Citizens Inc.,NYSE
CIB,BanColombia S.A.,NYSE
CIEN,Ciena Corporation,NYSE
CIFR,Cipher Mining Inc.,NASDAQ
CIG,Comp En De Mn Cemig,NYSE
CIGI,Colliers International Group Inc.,NASDAQ
CIM,Chimera Investment Corporation,NYSE
CINF,Cincinnati Financial Corporation,NASDAQ
CING,Cingulate Inc.,NASDAQ
CINT,CI&T Inc,NYSE
CIO,City Office REIT Inc.,NYSE
CION,CION Investment Corporation,NYSE
CISO,CISO Global Inc.,NASDAQ
CISS,C3is Inc.,NASDAQ
CITE,Cartica Acquisition Corp,NASDAQ
CIVB,Civista Bancshares Inc.,NASDAQ
CIVI,Civitas Resources Inc.,NYSE
CIX,CompX International Inc.,AMEX
CJET,Chijet Motor Company Inc.,NASDAQ
CJJD,China Jo-Jo Drugstores Inc. (Cayman Islands),NASDAQ
CKPT,Checkpoint Therapeutics Inc.,NASDAQ
CKX,CKX Lands Inc.,AMEX
CL,Colgate-Palmolive Company,NYSE
CLAR,Clarus Corporation,NASDAQ
CLB,Core Laboratories Inc.,NYSE
CLBK,Columbia Financial Inc.,NASDAQ
CLBR,Colombier Acquisition Corp. II,NYSE
CLBT,Cellebrite DI Ltd.,NASDAQ
CLCO,Cool Company Ltd.,NYSE
CLDI,Calidi Biotherapeutics Inc.,AMEX
CLDT,Chatham Lodging Trust (REIT),NYSE
CLDX,Celldex Therapeutics Inc.,NASDAQ
CLEU,China Liberal Education Holdings Limited,NASDAQ
CLF,Cleveland-Cliffs Inc.,NYSE
CLFD,Clearfield Inc.,NASDAQ
CLGN,CollPlant Biotechnologies Ltd,NASDAQ
CLH,Clean Harbors Inc.,NYSE
CLIR,ClearSign Technologies Corporation,NASDAQ
CLLS,Cellectis S.A.,NASDAQ
CLMB,Climb Global Solutions Inc.,NASDAQ
CLMT,Calumet Inc.,NASDAQ
CLNE,Clean Energy Fuels Corp.,NASDAQ
CLNN,Clene Inc.,NASDAQ
CLOE,Clover Leaf Capital Corp.,NASDAQ
CLOV,Clover Health Investments Corp.,NASDAQ
CLPR,Clipper Realty Inc.,NYSE
CLPS,CLPS Incorporation,NASDAQ
CLPT,ClearPoint Neuro Inc.,NASDAQ
CLRB,Cellectar Biosciences Inc. ,NASDAQ
CLRC,ClimateRock,NASDAQ
CLRO,ClearOne Inc. (DE),NASDAQ
CLS,Celestica Inc.,NYSE
CLSD,Clearside Biomedical Inc.,NASDAQ
CLSK,CleanSpark Inc.,NASDAQ
CLST,Catalyst Bancorp Inc.,NASDAQ
CLVT,Clarivate Plc,NYSE
CLW,Clearwater Paper Corporation,NYSE
CLWT,Euro Tech Holdings Company Limited,NASDAQ
CLX,Clorox Company (The),NYSE
CM,Canadian Imperial Bank of Commerce,NYSE
CMA,Comerica Incorporated,NYSE
CMAX,CareMax Inc.,NASDAQ
CMBM,Cambium Networks Corporation,NASDAQ
CMBT,Euronav NV,NYSE
CMC,Commercial Metals Company,NYSE
CMCL,Caledonia Mining Corporation Plc,AMEX
CMCM,Cheetah Mobile Inc.,NYSE
CMCO,Columbus McKinnon Corporation,NASDAQ
CMCSA,Comcast Corporation,NASDAQ
CMCT,Creative Media & Community Trust Corporation,NASDAQ
CME,CME Group Inc.,NASDAQ
CMG,Chipotle Mexican Grill Inc.,NYSE
CMI,Cummins Inc.,NYSE
CMLS,Cumulus Media Inc.,NASDAQ
CMMB,Chemomab Therapeutics Ltd.,NASDAQ
CMND,Clearmind Medicine Inc.,NASDAQ
CMP,Compass Minerals Intl Inc,NYSE
CMPO,CompoSecure Inc.,NASDAQ
CMPR,Cimpress plc,NASDAQ
CMPS,COMPASS Pathways Plc,NASDAQ
CMPX,Compass Therapeutics Inc.,NASDAQ
CMRE,Costamare Inc.,NYSE
CMRX,Chimerix Inc.,NASDAQ
CMS,CMS Energy Corporation,NYSE
CMT,Core Molding Technologies Inc,AMEX
CMTG,Claros Mortgage Trust Inc.,NYSE
CMTL,Comtech Telecommunications Corp.,NASDAQ
CNA,CNA Financial Corporation,NYSE
CNC,Centene Corporation,NYSE
CNDA,Concord Acquisition Corp II,AMEX
CNDT,Conduent Incorporated,NASDAQ
CNET,ZW Data Action Technologies Inc.,NASDAQ
CNEY,CN Energy Group Inc.,NASDAQ
CNF,CNFinance Holdings Limited,NYSE
CNFR,Conifer Holdings Inc.,NASDAQ
CNH,CNH Industrial N.V.,NYSE
CNI,Canadian National Railway Company,NYSE
CNK,Cinemark Holdings Inc Cinemark Holdings Inc.,NYSE
CNL,Collective Mining Ltd.,AMEX
CNM,Core & Main Inc.,NYSE
CNMD,CONMED Corporation,NYSE
CNNE,Cannae Holdings Inc.,NYSE
CNO,CNO Financial Group Inc.,NYSE
CNOB,ConnectOne Bancorp Inc.,NASDAQ
CNP,CenterPoint Energy Inc (Holding Co),NYSE
CNQ,Canadian Natural Resources Limited,NYSE
CNS,Cohen & Steers Inc,NYSE
CNSL,Consolidated Communications Holdings Inc.,NASDAQ
CNSP,CNS Pharmaceuticals Inc.,NASDAQ
CNTA,Centessa Pharmaceuticals plc,NASDAQ
CNTB,Connect Biopharma Holdings Limited,NASDAQ
CNTM,ConnectM Technology Solutions Inc.,NASDAQ
CNTX,Context Therapeutics Inc.,NASDAQ
CNTY,Century Casinos Inc.,NASDAQ
CNVS,Cineverse Corp.,NASDAQ
CNX,CNX Resources Corporation,NYSE
CNXC,Concentrix Corporation,NASDAQ
CNXN,PC Connection Inc.,NASDAQ
COCH,Envoy Medical Inc.,NASDAQ
COCO,The Vita Coco Company Inc.,NASDAQ
COCP,Cocrystal Pharma Inc.,NASDAQ
CODA,Coda Octopus Group Inc.,NASDAQ
CODI,D/B/A Compass Diversified Holdings,NYSE
CODX,Co-Diagnostics Inc.,NASDAQ
COE,51Talk Online Education Group,AMEX
COEP,Coeptis Therapeutics Holdings Inc.,NASDAQ
COF,Capital One Financial Corporation,NYSE
COFS,ChoiceOne Financial Services Inc.,NASDAQ
COGT,Cogent Biosciences Inc.,NASDAQ
COHN,Cohen & Company Inc.,AMEX
COHR,Coherent Corp.,NYSE
COHU,Cohu Inc.,NASDAQ
COIN,Coinbase Global Inc.,NASDAQ
COKE,Coca-Cola Consolidated Inc.,NASDAQ
COLB,Columbia Banking System Inc.,NASDAQ
COLD,Americold Realty Trust Inc.,NYSE
COLL,Collegium Pharmaceutical Inc.,NASDAQ
COLM,Columbia Sportswear Company,NASDAQ
COMM,CommScope Holding Company Inc.,NASDAQ
COMP,Compass Inc.,NYSE
CON,Concentra Group Holdings Parent Inc.,NYSE
COO,The Cooper Companies Inc.,NASDAQ
COOK,Traeger Inc.,NYSE
COOP,Mr. Cooper Group Inc.,NASDAQ
COOT,Australian Oilseeds Holdings Limited,NASDAQ
COP,ConocoPhillips,NYSE
COR,Cencora Inc.,NYSE
CORT,Corcept Therapeutics Incorporated,NASDAQ
CORZ,Core Scientific Inc.,NASDAQ
COSM,Cosmos Health Inc.,NASDAQ
COST,Costco Wholesale Corporation,NASDAQ
COTY,Coty Inc.,NYSE
COUR,Coursera Inc.,NYSE
COYA,Coya Therapeutics Inc.,NASDAQ
CP,Canadian Pacific Kansas City Limited,NYSE
CPA,Copa Holdings S.A.,NYSE
CPAC,Cementos Pacasmayo S.A.A.,NYSE
CPAY,Corpay Inc.,NYSE
CPB,Campbell Soup Company,NASDAQ
CPBI,Central Plains Bancshares Inc.,NASDAQ
CPF,Central Pacific Financial Corp,NYSE
CPHC,Canterbury Park Holding Corporation,NASDAQ
CPHI,China Pharma Holdings Inc.,AMEX
CPIX,Cumberland Pharmaceuticals Inc.,NASDAQ
CPK,Chesapeake Utilities Corporation,NYSE
CPNG,Coupang Inc.,NYSE
CPOP,Pop Culture Group Co. Ltd,NASDAQ
CPRI,Capri Holdings Limited,NYSE
CPRT,Copart Inc. (DE),NASDAQ
CPRX,Catalyst Pharmaceuticals Inc.,NASDAQ
CPS,Cooper-Standard Holdings Inc.,NYSE
CPSH,CPS Technologies Corp.,NASDAQ
CPSS,Consumer Portfolio Services Inc.,NASDAQ
CPT,Camden Property Trust,NYSE
CPTN,Cepton Inc.,NASDAQ
CPZ,Calamos Long/Short Equity & Dynamic Income Trust,NASDAQ
CR,Crane Company,NYSE
CRAI,CRA International Inc.,NASDAQ
CRBG,Corebridge Financial Inc.,NYSE
CRBP,Corbus Pharmaceuticals Holdings Inc.,NASDAQ
CRBU,Caribou Biosciences Inc.,NASDAQ
CRC,California Resources Corporation,NYSE
CRCT,Cricut Inc.,NASDAQ
CRD.A,Crawford & Company,NYSE
CRD.B,Crawford & Company,NYSE
CRDF,Cardiff Oncology Inc.,NASDAQ
CRDL,Cardiol Therapeutics Inc.,NASDAQ
CRDO,Credo Technology Group Holding Ltd,NASDAQ
CREG,Smart Powerr Corp.,NASDAQ
CRESY,Cresud S.A.C.I.F. y A.,NASDAQ
CREV,Carbon Revolution Public Limited,NASDAQ
CREX,Creative Realities Inc.,NASDAQ
CRGO,Freightos Limited,NASDAQ
CRGX,CARGO Therapeutics Inc.,NASDAQ
CRGY,Crescent Energy Company,NYSE
CRH,CRH PLC,NYSE
CRI,Carter's Inc.,NYSE
CRIS,Curis Inc.,NASDAQ
CRK,Comstock Resources Inc.,NYSE
CRKN,Crown Electrokinetics Corp.,NASDAQ
CRL,Charles River Laboratories International Inc.,NYSE
CRM,Salesforce Inc.,NYSE
CRMD,CorMedix Inc.,NASDAQ
CRML,Critical Metals Corp.,NASDAQ
CRMT,America's Car-Mart Inc,NASDAQ
CRNC,Cerence Inc.,NASDAQ
CRNT,Ceragon Networks Ltd.,NASDAQ
CRNX,Crinetics Pharmaceuticals Inc.,NASDAQ
CRON,Cronos Group Inc.,NASDAQ
CROX,Crocs Inc.,NASDAQ
CRS,Carpenter Technology Corporation,NYSE
CRSP,CRISPR Therapeutics AG,NASDAQ
CRSR,Corsair Gaming Inc.,NASDAQ
CRT,Cross Timbers Royalty Trust,NYSE
CRTO,Criteo S.A.,NASDAQ
CRUS,Cirrus Logic Inc.,NASDAQ
CRVL,CorVel Corp.,NASDAQ
CRVO,CervoMed Inc.,NASDAQ
CRVS,Corvus Pharmaceuticals Inc.,NASDAQ
CRWD,CrowdStrike Holdings Inc.,NASDAQ
CRWS,Crown Crafts Inc,NASDAQ
CSAN,Cosan S.A.,NYSE
CSBR,Champions Oncology Inc.,NASDAQ
CSCI,COSCIENS Biopharma Inc.,NASDAQ
CSCO,Cisco Systems Inc.,NASDAQ
CSGP,CoStar Group Inc.,NASDAQ
CSGS,CSG Systems International Inc.,NASDAQ
CSIQ,Canadian Solar Inc.,NASDAQ
CSL,Carlisle Companies Incorporated,NYSE
CSLM,CSLM Acquisition Corp.,NASDAQ
CSLR,Complete Solaria Inc.,NASDAQ
CSPI,CSP Inc.,NASDAQ
CSQ,Calamos Strategic Total Return,NASDAQ
CSR,D/B/A Centerspace,NYSE
CSTE,Caesarstone Ltd.,NASDAQ
CSTL,Castle Biosciences Inc.,NASDAQ
CSTM,Constellium SE,NYSE
CSV,Carriage Services Inc.,NYSE
CSWC,Capital Southwest Corporation,NASDAQ
CSWI,CSW Industrials Inc.,NASDAQ
CSX,CSX Corporation,NASDAQ
CTAS,Cintas Corporation,NASDAQ
CTBI,Community Trust Bancorp Inc.,NASDAQ
CTCX,Carmell Corporation,NASDAQ
CTGO,Contango ORE Inc.,AMEX
CTHR,Charles & Colvard Ltd,NASDAQ
CTKB,Cytek Biosciences Inc.,NASDAQ
CTLP,Cantaloupe Inc.,NASDAQ
CTLT,Catalent Inc.,NYSE
CTM,Castellum Inc.,AMEX
CTMX,CytomX Therapeutics Inc.,NASDAQ
CTNM,Contineum Therapeutics Inc.,NASDAQ
CTNT,Cheetah Net Supply Chain Service Inc.,NASDAQ
CTO,CTO Realty Growth Inc.,NYSE
CTOR,Citius Oncology Inc.,NASDAQ
CTOS,Custom Truck One Source Inc.,NYSE
CTRA,Coterra Energy Inc.,NYSE
CTRE,CareTrust REIT Inc.,NYSE
CTRI,Centuri Holdings Inc.,NYSE
CTRM,Castor Maritime Inc.,NASDAQ
CTRN,Citi Trends Inc.,NASDAQ
CTS,CTS Corporation,NYSE
CTSH,Cognizant Technology Solutions Corporation,NASDAQ
CTSO,Cytosorbents Corporation,NASDAQ
CTV,Innovid Corp.,NYSE
CTVA,Corteva Inc.,NYSE
CTXR,Citius Pharmaceuticals Inc.,NASDAQ
CUB,Lionheart Holdings,NASDAQ
CUBE,CubeSmart,NYSE
CUBI,Customers Bancorp Inc,NYSE
CUE,Cue Biopharma Inc.,NASDAQ
CUK,Carnival Plc,NYSE
CULP,Culp Inc.,NYSE
CURI,CuriosityStream Inc.,NASDAQ
CURV,Torrid Holdings Inc.,NYSE
CUTR,Cutera Inc.,NASDAQ
CUZ,Cousins Properties Incorporated,NYSE
CVAC,CureVac N.V.,NASDAQ
CVBF,CVB Financial Corporation,NASDAQ
CVCO,Cavco Industries Inc.,NASDAQ
CVE,Cenovus Energy Inc,NYSE
CVEO,Civeo Corporation (Canada),NYSE
CVGI,Commercial Vehicle Group Inc.,NASDAQ
CVGW,Calavo Growers Inc.,NASDAQ
CVI,CVR Energy Inc.,NYSE
CVKD,Cadrenal Therapeutics Inc.,NASDAQ
CVLG,Covenant Logistics Group Inc.,NYSE
CVLT,Commvault Systems Inc.,NASDAQ
CVM,Cel-Sci Corporation,AMEX
CVNA,Carvana Co.,NYSE
CVR,Chicago Rivet & Machine Co.,AMEX
CVRX,CVRx Inc.,NASDAQ
CVS,CVS Health Corporation,NYSE
CVU,CPI Aerostructures Inc.,AMEX
CVV,CVD Equipment Corporation,NASDAQ
CVX,Chevron Corporation,NYSE
CW,Curtiss-Wright Corporation,NYSE
CWAN,Clearwater Analytics Holdings Inc.,NYSE
CWBC,Community West Bancshares,NASDAQ
CWCO,Consolidated Water Co. Ltd.,NASDAQ
CWD,CaliberCos Inc.,NASDAQ
CWEN,Clearway Energy Inc.,NYSE
CWH,Camping World Holdings Inc.,NYSE
CWK,Cushman & Wakefield plc,NYSE
CWST,Casella Waste Systems Inc.,NASDAQ
CWT,California Water Service Group,NYSE
CX,Cemex S.A.B. de C.V. Sponsored,NYSE
CXAI,CXApp Inc.,NASDAQ
CXDO,Crexendo Inc.,NASDAQ
CXM,Sprinklr Inc.,NYSE
CXT,Crane NXT Co.,NYSE
CXW,CoreCivic Inc.,NYSE
CYBN,Cybin Inc.,AMEX
CYBR,CyberArk Software Ltd.,NASDAQ
CYCC,Cyclacel Pharmaceuticals Inc.,NASDAQ
CYCN,Cyclerion Therapeutics Inc.,NASDAQ
CYD,China Yuchai International Limited,NYSE
CYH,Community Health Systems Inc.,NYSE
CYN,Cyngn Inc.,NASDAQ
CYRX,CryoPort Inc.,NASDAQ
CYTH,Cyclo Therapeutics Inc.,NASDAQ
CYTK,Cytokinetics Incorporated,NASDAQ
CYTO,Altamira Therapeutics Ltd.,NASDAQ
CZFS,Citizens Financial Services Inc.,NASDAQ
CZNC,Citizens & Northern Corp,NASDAQ
CZR,Caesars Entertainment Inc.,NASDAQ
CZWI,Citizens Community Bancorp Inc.,NASDAQ
D,Dominion Energy Inc.,NYSE
DAC,Danaos Corporation,NYSE
DADA,Dada Nexus Limited,NASDAQ
DAIO,Data I/O Corporation,NASDAQ
DAKT,Daktronics Inc.,NASDAQ
DAL,Delta Air Lines Inc.,NYSE
DALN,DallasNews Corporation,NASDAQ
DAN,Dana Incorporated,NYSE
DAO,Youdao Inc.,NYSE
DAR,Darling Ingredients Inc.,NYSE
DARE,Dare Bioscience Inc.,NASDAQ
DASH,DoorDash Inc.,NASDAQ
DATS,DatChat Inc.,NASDAQ
DAVA,Endava plc,NYSE
DAVE,Dave Inc.,NASDAQ
DAWN,Day One Biopharmaceuticals Inc.,NASDAQ
DAY,Dayforce Inc.,NYSE
DB,Deutsche Bank AG,NYSE
DBD,Diebold Nixdorf Incorporated,NYSE
DBGI,Digital Brands Group Inc.,NASDAQ
DBI,Designer Brands Inc.,NYSE
DBRG,DigitalBridge Group Inc.,NYSE
DBVT,DBV Technologies S.A.,NASDAQ
DBX,Dropbox Inc.,NASDAQ
DC,Dakota Gold Corp.,AMEX
DCBO,Docebo Inc.,NASDAQ
DCGO,DocGo Inc.,NASDAQ
DCI,Donaldson Company Inc.,NYSE
DCO,Ducommun Incorporated,NYSE
DCOM,Dime Community Bancshares Inc.,NASDAQ
DCTH,Delcath Systems Inc.,NASDAQ
DD,DuPont de Nemours Inc.,NYSE
DDC,DDC Enterprise Limited,AMEX
DDD,3D Systems Corporation,NYSE
DDI,DoubleDown Interactive Co. Ltd.,NASDAQ
DDL,Dingdong (Cayman) Limited,NYSE
DDOG,Datadog Inc.,NASDAQ
DDS,Dillard's Inc.,NYSE
DDT,Dillard's Capital Trust I,NYSE
DE,Deere & Company,NYSE
DEA,Easterly Government Properties Inc.,NYSE
DEC,Diversified Energy Company plc,NYSE
DECA,Denali Capital Acquisition Corp.,NASDAQ
DECK,Deckers Outdoor Corporation,NYSE
DEI,Douglas Emmett Inc.,NYSE
DELL,Dell Technologies Inc.,NYSE
DENN,Denny's Corporation,NASDAQ
DEO,Diageo plc,NYSE
DERM,Journey Medical Corporation,NASDAQ
DESP,Despegar.com Corp.,NYSE
DFH,Dream Finders Homes Inc.,NYSE
DFIN,Donnelley Financial Solutions Inc.,NYSE
DFLI,Dragonfly Energy Holdings Corp.,NASDAQ
DFS,Discover Financial Services,NYSE
DG,Dollar General Corporation,NYSE
DGHI,Digihost Technology Inc.,NASDAQ
DGICA,Donegal Group Inc.,NASDAQ
DGICB,Donegal Group Inc.,NASDAQ
DGII,Digi International Inc.,NASDAQ
DGLY,Digital Ally Inc.,NASDAQ
DGX,Quest Diagnostics Incorporated,NYSE
DH,Definitive Healthcare Corp.,NASDAQ
DHAI,DIH Holdings US Inc.,NASDAQ
DHC,Diversified Healthcare Trust,NASDAQ
DHI,D.R. Horton Inc.,NYSE
DHIL,Diamond Hill Investment Group Inc.,NASDAQ
DHR,Danaher Corporation,NYSE
DHT,DHT Holdings Inc.,NYSE
DHX,DHI Group Inc.,NYSE
DIBS,1stdibs.com Inc.,NASDAQ
DIN,Dine Brands Global Inc.,NYSE
DINO,HF Sinclair Corporation,NYSE
DIOD,Diodes Incorporated,NASDAQ
DIS,Walt Disney Company (The),NYSE
DIST,Distoken Acquisition Corporation,NASDAQ
DIT,AMCON Distributing Company,AMEX
DJCO,Daily Journal Corp. (S.C.),NASDAQ
DJT,Trump Media & Technology Group Corp.,NASDAQ
DK,Delek US Holdings Inc.,NYSE
DKNG,DraftKings Inc.,NASDAQ
DKS,Dick's Sporting Goods Inc,NYSE
DLB,Dolby Laboratories,NYSE
DLHC,DLH Holdings Corp.,NASDAQ
DLO,DLocal Limited,NASDAQ
DLPN,Dolphin Entertainment Inc.,NASDAQ
DLR,Digital Realty Trust Inc.,NYSE
DLTH,Duluth Holdings Inc.,NASDAQ
DLTR,Dollar Tree Inc.,NASDAQ
DLX,Deluxe Corporation,NYSE
DM,Desktop Metal Inc.,NYSE
DMAC,DiaMedica Therapeutics Inc.,NASDAQ
DMF,BNY Mellon Municipal Income Inc.,AMEX
DMRC,Digimarc Corporation,NASDAQ
DMYY,dMY Squared Technology Group Inc.,AMEX
DNA,Ginkgo Bioworks Holdings Inc.,NYSE
DNB,Dun & Bradstreet Holdings Inc.,NYSE
DNLI,Denali Therapeutics Inc.,NASDAQ
DNMR,Danimer Scientific Inc.,NYSE
DNN,Denison Mines Corp,AMEX
DNOW,DNOW Inc.,NYSE
DNTH,Dianthus Therapeutics Inc.,NASDAQ
DNUT,Krispy Kreme Inc.,NASDAQ
DO,Diamond Offshore Drilling Inc.,NYSE
DOC,Healthpeak Properties Inc.,NYSE
DOCN,DigitalOcean Holdings Inc.,NYSE
DOCS,Doximity Inc.,NYSE
DOCU,DocuSign Inc.,NASDAQ
DOGZ,Dogness (International) Corporation,NASDAQ
DOLE,Dole plc,NYSE
DOMA,Doma Holdings Inc.,NYSE
DOMH,Dominari Holdings Inc.,NASDAQ
DOMO,Domo Inc.,NASDAQ
DOOO,BRP Inc. (Recreational Products),NASDAQ
DORM,Dorman Products Inc.,NASDAQ
DOUG,Douglas Elliman Inc.,NYSE
DOV,Dover Corporation,NYSE
DOW,Dow Inc.,NYSE
DOX,Amdocs Limited,NASDAQ
DOYU,DouYu International Holdings Limited,NASDAQ
DPCS,DP Cap Acquisition Corp I,NASDAQ
DPRO,Draganfly Inc.,NASDAQ
DPZ,Domino's Pizza Inc,NYSE
DQ,DAQO New Energy Corp.,NYSE
DRCT,Direct Digital Holdings Inc.,NASDAQ
DRD,DRDGOLD Limited,NYSE
DRH,Diamondrock Hospitality Company,NYSE
DRI,Darden Restaurants Inc.,NYSE
DRIO,DarioHealth Corp.,NASDAQ
DRMA,Dermata Therapeutics Inc.,NASDAQ
DRQ,Dril-Quip Inc.,NYSE
DRRX,DURECT Corporation,NASDAQ
DRS,Leonardo DRS Inc.,NASDAQ
DRTS,Alpha Tau Medical Ltd.,NASDAQ
DRUG,Bright Minds Biosciences Inc.,NASDAQ
DRVN,Driven Brands Holdings Inc.,NASDAQ
DSGN,Design Therapeutics Inc.,NASDAQ
DSGR,Distribution Solutions Group Inc.,NASDAQ
DSGX,Descartes Systems Group Inc. (The),NASDAQ
DSP,Viant Technology Inc.,NASDAQ
DSS,DSS Inc.,AMEX
DSWL,Deswell Industries Inc.,NASDAQ
DSX,Diana Shipping inc.,NYSE
DSY,Big Tree Cloud Holdings Limited,NASDAQ
DT,Dynatrace Inc.,NYSE
DTC,Solo Brands Inc.,NYSE
DTCK,Davis Commodities Limited,NASDAQ
DTE,DTE Energy Company,NYSE
DTI,Drilling Tools International Corporation,NASDAQ
DTIL,Precision BioSciences Inc.,NASDAQ
DTM,DT Midstream Inc.,NYSE
DTSS,Datasea Inc.,NASDAQ
DTST,Data Storage Corporation,NASDAQ
DUET,DUET Acquisition Corp.,NASDAQ
DUK,Duke Energy Corporation (Holding Company),NYSE
DUO,Fangdd Network Group Ltd.,NASDAQ
DUOL,Duolingo Inc.,NASDAQ
DUOT,Duos Technologies Group Inc.,NASDAQ
DV,DoubleVerify Holdings Inc.,NYSE
DVA,DaVita Inc.,NYSE
DVAX,Dynavax Technologies Corporation,NASDAQ
DVN,Devon Energy Corporation,NYSE
DWSN,Dawson Geophysical Company,NASDAQ
DX,Dynex Capital Inc.,NYSE
DXC,DXC Technology Company,NYSE
DXCM,DexCom Inc.,NASDAQ
DXF,Dunxin Financial Holdings Limited,AMEX
DXLG,Destination XL Group Inc.,NASDAQ
DXPE,DXP Enterprises Inc.,NASDAQ
DXR,Daxor Corporation,NASDAQ
DXYN,Dixie Group Inc. (The),NASDAQ
DXYZ,Destiny Tech100 Inc.,NYSE
DY,Dycom Industries Inc.,NYSE
DYAI,Dyadic International Inc.,NASDAQ
DYCQ,DT Cloud Acquisition Corporation,NASDAQ
DYN,Dyne Therapeutics Inc.,NASDAQ
E,ENI S.p.A.,NYSE
EA,Electronic Arts Inc.,NASDAQ
EAF,GrafTech International Ltd.,NYSE
EARN,Ellington Credit Company,NYSE
EAST,Eastside Distilling Inc.,NASDAQ
EAT,Brinker International Inc.,NYSE
EB,Eventbrite Inc.,NYSE
EBAY,eBay Inc.,NASDAQ
EBC,Eastern Bankshares Inc.,NASDAQ
EBF,Ennis Inc.,NYSE
EBMT,Eagle Bancorp Montana Inc.,NASDAQ
EBON,Ebang International Holdings Inc.,NASDAQ
EBR,Centrais Electricas Brasileiras S A,NYSE
EBS,Emergent Biosolutions Inc.,NYSE
EBTC,Enterprise Bancorp Inc,NASDAQ
EC,Ecopetrol S.A.,NYSE
ECAT,BlackRock ESG Capital Allocation Term Trust,NYSE
ECBK,ECB Bancorp Inc.,NASDAQ
ECC           ,Eagle Point Credit Company Inc.,NYSE
ECDA,ECD Automotive Design Inc.,NASDAQ
ECL,Ecolab Inc.,NYSE
ECO,Okeanis Eco Tankers Corp.,NYSE
ECOR,electroCore Inc.,NASDAQ
ECPG,Encore Capital Group Inc,NASDAQ
ECVT,Ecovyst Inc.,NYSE
ECX,ECARX Holdings Inc.,NASDAQ
ED,Consolidated Edison Inc.,NYSE
EDAP,EDAP TMS S.A.,NASDAQ
EDBL,Edible Garden AG Incorporated,NASDAQ
EDIT,Editas Medicine Inc.,NASDAQ
EDN,Empresa Distribuidora Y Comercializadora Norte S.A. (Edenor),NYSE
EDR,Endeavor Group Holdings Inc.,NYSE
EDRY,EuroDry Ltd.,NASDAQ
EDSA,Edesa Biotech Inc.,NASDAQ
EDTK,Skillful Craftsman Education Technology Limited,NASDAQ
EDU,New Oriental Education & Technology Group Inc. Sponsored,NYSE
EDUC,Educational Development Corporation,NASDAQ
EE,Excelerate Energy Inc.,NYSE
EEFT,Euronet Worldwide Inc.,NASDAQ
EEIQ,EpicQuest Education Group International Limited,NASDAQ
EEX,Emerald Holding Inc.,NYSE
EFC,Ellington Financial Inc.,NYSE
EFOI,Energy Focus Inc.,NASDAQ
EFSC,Enterprise Financial Services Corporation,NASDAQ
EFSH,1847 Holdings LLC,AMEX
EFX,Equifax Inc.,NYSE
EFXT,Enerflex Ltd,NYSE
EG,Everest Group Ltd.,NYSE
EGAN,eGain Corporation,NASDAQ
EGBN,Eagle Bancorp Inc.,NASDAQ
EGHT,8x8 Inc,NASDAQ
EGIO,Edgio Inc.,NASDAQ
EGO,Eldorado Gold Corporation,NYSE
EGP,EastGroup Properties Inc.,NYSE
EGRX,Eagle Pharmaceuticals Inc.,NASDAQ
EGY,VAALCO Energy Inc. ,NYSE
EH,EHang Holdings Limited,NASDAQ
EHAB,Enhabit Inc.,NYSE
EHC,Encompass Health Corporation,NYSE
EHGO,Eshallgo Inc.,NASDAQ
EHTH,eHealth Inc.,NASDAQ
EIC,Eagle Point Income Company Inc.,NYSE
EIG,Employers Holdings Inc,NYSE
EIX,Edison International,NYSE
EJH,E-Home Household Service Holdings Limited,NASDAQ
EKSO,Ekso Bionics Holdings Inc.,NASDAQ
EL,Estee Lauder Companies Inc. (The),NYSE
ELA,Envela Corporation,AMEX
ELAB,Elevai Labs Inc.,NASDAQ
ELAN,Elanco Animal Health Incorporated,NYSE
ELBM,Electra Battery Materials Corporation,NASDAQ
ELDN,Eledon Pharmaceuticals Inc.,NASDAQ
ELEV,Elevation Oncology Inc.,NASDAQ
ELF,e.l.f. Beauty Inc.,NYSE
ELLO,Ellomay Capital Ltd,AMEX
ELMD,Electromed Inc.,AMEX
ELME,Elme Communities,NYSE
ELPC,Companhia Paranaense de Energia (COPEL),NYSE
ELS,Equity Lifestyle Properties Inc.,NYSE
ELSE,Electro-Sensors Inc.,NASDAQ
ELTK,Eltek Ltd.,NASDAQ
ELTX,Elicio Therapeutics Inc.,NASDAQ
ELUT,Elutia Inc.,NASDAQ
ELV,Elevance Health Inc.,NYSE
ELVA,Electrovaya Inc.,NASDAQ
ELVN,Enliven Therapeutics Inc.,NASDAQ
ELWS,Earlyworks Co. Ltd.,NASDAQ
ELYM,Eliem Therapeutics Inc,NASDAQ
EM,Smart Share Global Limited,NASDAQ
EMBC,Embecta Corp.,NASDAQ
EMCG,Embrace Change Acquisition Corp,NASDAQ
EME,EMCOR Group Inc.,NYSE
EMKR,EMCORE Corporation,NASDAQ
EML,Eastern Company (The),NASDAQ
EMN,Eastman Chemical Company,NYSE
EMR,Emerson Electric Company,NYSE
EMX,EMX Royalty Corporation,AMEX
ENB,Enbridge Inc,NYSE
ENFN,Enfusion Inc.,NYSE
ENG,ENGlobal Corporation,NASDAQ
ENGN,enGene Holdings Inc.,NASDAQ
ENIC,Enel Chile S.A.,NYSE
ENLT,Enlight Renewable Energy Ltd.,NASDAQ
ENLV,Enlivex Therapeutics Ltd.,NASDAQ
ENOV,Enovis Corporation,NYSE
ENPH,Enphase Energy Inc.,NASDAQ
ENR,Energizer Holdings Inc.,NYSE
ENS,EnerSys,NYSE
ENSC,Ensysce Biosciences Inc.,NASDAQ
ENSG,The Ensign Group Inc.,NASDAQ
ENSV,Enservco Corporation,AMEX
ENTA,Enanta Pharmaceuticals Inc.,NASDAQ
ENTG,Entegris Inc.,NASDAQ
ENTO,Entero Therapeutics Inc.,NASDAQ
ENTX,Entera Bio Ltd.,NASDAQ
ENV,Envestnet Inc,NYSE
ENVA,Enova International Inc.,NYSE
ENVB,Enveric Biosciences Inc.,NASDAQ
ENVX,Enovix Corporation,NASDAQ
ENZ,Enzo Biochem Inc.,NYSE
EOG,EOG Resources Inc.,NYSE
EOLS,Evolus Inc.,NASDAQ
EOSE,Eos Energy Enterprises Inc.,NASDAQ
EP,Empire Petroleum Corporation,AMEX
EPAC,Enerpac Tool Group Corp.,NYSE
EPAM,EPAM Systems Inc.,NYSE
EPC,Edgewell Personal Care Company,NYSE
EPD,Enterprise Products Partners L.P.,NYSE
EPIX,ESSA Pharma Inc.,NASDAQ
EPM,Evolution Petroleum Corporation Inc.,AMEX
EPOW,Sunrise New Energy Co. Ltd,NASDAQ
EPR,EPR Properties,NYSE
EPRT,Essential Properties Realty Trust Inc.,NYSE
EPRX,Eupraxia Pharmaceuticals Inc.,NASDAQ
EPSN,Epsilon Energy Ltd.,NASDAQ
EQ,Equillium Inc.,NASDAQ
EQBK,Equity Bancshares Inc.,NYSE
EQC,Equity Commonwealth,NYSE
EQH,Equitable Holdings Inc.,NYSE
EQH.A,Equitable Holdings Inc.,NYSE
EQIX,Equinix Inc.,NASDAQ
EQNR,Equinor ASA,NYSE
EQR,Equity Residential,NYSE
EQS,Equus Total Return Inc.,NYSE
EQT,EQT Corporation,NYSE
EQX,Equinox Gold Corp.,AMEX
ERAS,Erasca Inc.,NASDAQ
ERIC,Ericsson,NASDAQ
ERIE,Erie Indemnity Company,NASDAQ
ERII,Energy Recovery Inc.,NASDAQ
ERJ,Embraer S.A.,NYSE
ERNA,Eterna Therapeutics Inc.,NASDAQ
ERO,Ero Copper Corp.,NYSE
ES,Eversource Energy (D/B/A),NYSE
ESAB,ESAB Corporation,NYSE
ESCA,Escalade Incorporated,NASDAQ
ESE,ESCO Technologies Inc.,NYSE
ESEA,Euroseas Ltd.,NASDAQ
ESGL,ESGL Holdings Limited,NASDAQ
ESGR,Enstar Group Limited,NASDAQ
ESHA,ESH Acquisition Corp.,NASDAQ
ESI,Element Solutions Inc.,NYSE
ESLA,Estrella Immunopharma Inc.,NASDAQ
ESLT,Elbit Systems Ltd.,NASDAQ
ESNT,Essent Group Ltd.,NYSE
ESOA,Energy Services of America Corporation,NASDAQ
ESP,Espey Mfg. & Electronics Corp.,AMEX
ESPR,Esperion Therapeutics Inc.,NASDAQ
ESQ,Esquire Financial Holdings Inc.,NASDAQ
ESRT,Empire State Realty Trust Inc.,NYSE
ESS,Essex Property Trust Inc.,NYSE
ESSA,ESSA Bancorp Inc.,NASDAQ
ESTA,Establishment Labs Holdings Inc.,NASDAQ
ESTC,Elastic N.V.,NYSE
ETD,Ethan Allen Interiors Inc.,NYSE
ETHA,iShares Ethereum Trust ETF,NASDAQ
ETN,Eaton Corporation PLC,NYSE
ETNB,89bio Inc.,NASDAQ
ETO,Eaton Vance Tax-Advantage Global Dividend Opp,NYSE
ETON,Eton Pharmaceuticals Inc.,NASDAQ
ETR,Entergy Corporation,NYSE
ETSY,Etsy Inc.,NASDAQ
ETWO,E2open Parent Holdings Inc.Class A,NYSE
EU,enCore Energy Corp.,NASDAQ
EUDA,EUDA Health Holdings Limited,NASDAQ
EVA,Enviva Inc.,NYSE
EVAX,Evaxion Biotech A/S,NASDAQ
EVBN,Evans Bancorp Inc.,AMEX
EVC,Entravision Communications Corporation,NYSE
EVCM,EverCommerce Inc.,NASDAQ
EVE,EVe Mobility Acquisition Corp,AMEX
EVER,EverQuote Inc.,NASDAQ
EVEX,Eve Holding Inc.,NYSE
EVGN,Evogene Ltd,NASDAQ
EVGO,EVgo Inc.,NASDAQ
EVGR,Evergreen Corporation,NASDAQ
EVH,Evolent Health Inc,NYSE
EVI,EVI Industries Inc. ,AMEX
EVLV,Evolv Technologies Holdings Inc.,NASDAQ
EVO,Evotec SE,NASDAQ
EVOK,Evoke Pharma Inc.,NASDAQ
EVR,Evercore Inc.,NYSE
EVRG,Evergy Inc.,NASDAQ
EVRI,Everi Holdings Inc.,NYSE
EVTC,Evertec Inc.,NYSE
EVTL,Vertical Aerospace Ltd.,NYSE
EVTV,Envirotech Vehicles Inc.,NASDAQ
EW,Edwards Lifesciences Corporation,NYSE
EWBC,East West Bancorp Inc.,NASDAQ
EWCZ,European Wax Center Inc.,NASDAQ
EWTX,Edgewise Therapeutics Inc.,NASDAQ
EXAI,Exscientia Plc,NASDAQ
EXAS,Exact Sciences Corporation,NASDAQ
EXC,Exelon Corporation,NASDAQ
EXEL,Exelixis Inc.,NASDAQ
EXFY,Expensify Inc.,NASDAQ
EXK,Endeavour Silver Corporation,NYSE
EXLS,ExlService Holdings Inc.,NASDAQ
EXP,Eagle Materials Inc,NYSE
EXPD,Expeditors International of Washington Inc.,NYSE
EXPE,Expedia Group Inc.,NASDAQ
EXPI,eXp World Holdings Inc.,NASDAQ
EXPO,Exponent Inc.,NASDAQ
EXR,Extra Space Storage Inc,NYSE
EXTO,Almacenes Exito S.A.,NYSE
EXTR,Extreme Networks Inc.,NASDAQ
EYE,National Vision Holdings Inc.,NASDAQ
EYEN,Eyenovia Inc.,NASDAQ
EYPT,EyePoint Pharmaceuticals Inc.,NASDAQ
EZFL,EzFill Holdings Inc.,NASDAQ
EZGO,EZGO Technologies Ltd.,NASDAQ
EZPW,EZCORP Inc.,NASDAQ
F,Ford Motor Company,NYSE
FA,First Advantage Corporation,NASDAQ
FAAS,DigiAsia Corp.,NASDAQ
FAF,First American Corporation,NYSE
FAMI,Farmmi Inc.,NASDAQ
FANG,Diamondback Energy Inc.,NASDAQ
FANH,Fanhua Inc.,NASDAQ
FARM,Farmer Brothers Company,NASDAQ
FARO,FARO Technologies Inc.,NASDAQ
FAST,Fastenal Company,NASDAQ
FAT,FAT Brands Inc.,NASDAQ
FATBB,FAT Brands Inc.,NASDAQ
FATE,Fate Therapeutics Inc.,NASDAQ
FBIN,Fortune Brands Innovations Inc.,NYSE
FBIO,Fortress Biotech Inc.,NASDAQ
FBIZ,First Business Financial Services Inc.,NASDAQ
FBK,FB Financial Corporation,NYSE
FBLG,FibroBiologics Inc.,NASDAQ
FBMS,First Bancshares Inc.,NYSE
FBNC,First Bancorp,NASDAQ
FBP,First BanCorp.,NYSE
FBRT,Franklin BSP Realty Trust Inc.,NYSE
FBRX,Forte Biosciences Inc.,NASDAQ
FBYD,Falcon's Beyond Global Inc.,NASDAQ
FC,Franklin Covey Company,NYSE
FCAP,First Capital Inc.,NASDAQ
FCBC,First Community Bankshares Inc. (VA),NASDAQ
FCCO,First Community Corporation,NASDAQ
FCEL,FuelCell Energy Inc.,NASDAQ
FCF,First Commonwealth Financial Corporation,NYSE
FCFS,FirstCash Holdings Inc.,NASDAQ
FCN,FTI Consulting Inc.,NYSE
FCNCA,First Citizens BancShares Inc.,NASDAQ
FCPT,Four Corners Property Trust Inc.,NYSE
FCUV,Focus Universal Inc.,NASDAQ
FCX,Freeport-McMoRan Inc.,NYSE
FDBC,Fidelity D & D Bancorp Inc.,NASDAQ
FDMT,4D Molecular Therapeutics Inc.,NASDAQ
FDP,Fresh Del Monte Produce Inc.,NYSE
FDSB,Fifth District Bancorp Inc.,NASDAQ
FDUS,Fidus Investment Corporation,NASDAQ
FDX,FedEx Corporation,NYSE
FE,FirstEnergy Corp.,NYSE
FEAM,5E Advanced Materials Inc.,NASDAQ
FEBO,Fenbo Holdings Limited,NASDAQ
FEDU,Four Seasons Education (Cayman) Inc.,NYSE
FEIM,Frequency Electronics Inc.,NASDAQ
FELE,Franklin Electric Co. Inc.,NASDAQ
FEMY,Femasys Inc.,NASDAQ
FENC,Fennec Pharmaceuticals Inc.,NASDAQ
FENG,Phoenix New Media Limited,NYSE
FER,Ferrovial SE,NASDAQ
FERG,Ferguson Enterprises Inc.,NYSE
FET,Forum Energy Technologies Inc.,NYSE
FF,FutureFuel Corp. ,NYSE
FFBC,First Financial Bancorp.,NASDAQ
FFIC,Flushing Financial Corporation,NASDAQ
FFIE,Faraday Future Intelligent Electric Inc.,NASDAQ
FFIN,First Financial Bankshares Inc.,NASDAQ
FFIV,F5 Inc.,NASDAQ
FFNW,First Financial Northwest Inc.,NASDAQ
FFWM,First Foundation Inc.,NYSE
FG,F&G Annuities & Life Inc.,NYSE
FGBI,First Guaranty Bancshares Inc.,NASDAQ
FGEN,FibroGen Inc,NASDAQ
FGF,Fundamental Global Inc.,NASDAQ
FGI,FGI Industries Ltd.,NASDAQ
FHB,First Hawaiian Inc.,NASDAQ
FHI,Federated Hermes Inc.,NYSE
FHN,First Horizon Corporation,NYSE
FHTX,Foghorn Therapeutics Inc.,NASDAQ
FI,Fiserv Inc.,NYSE
FIAC,Focus Impact Acquisition Corp.,NASDAQ
FIBK,First Interstate BancSystem Inc.,NASDAQ
FICO,Fair Isaac Corproation,NYSE
FIGS,FIGS Inc.,NYSE
FIHL,Fidelis Insurance Holdings Limited,NYSE
FINS,Angel Oak Financial Strategies Income Term Trust,NYSE
FINV,FinVolution Group,NYSE
FINW,FinWise Bancorp,NASDAQ
FIP,FTAI Infrastructure Inc.,NASDAQ
FIS,Fidelity National Information Services Inc.,NYSE
FISI,Financial Institutions Inc.,NASDAQ
FITB,Fifth Third Bancorp,NASDAQ
FIVE,Five Below Inc.,NASDAQ
FIVN,Five9 Inc.,NASDAQ
FIX,Comfort Systems USA Inc.,NYSE
FIZZ,National Beverage Corp.,NASDAQ
FKWL,Franklin Wireless Corp.,NASDAQ
FL,Foot Locker Inc.,NYSE
FLD,FTAC Emerald Acquisition Corp.,NASDAQ
FLEX,Flex Ltd.,NASDAQ
FLGC,Flora Growth Corp.,NASDAQ
FLGT,Fulgent Genetics Inc.,NASDAQ
FLIC,First of Long Island Corporation (The),NASDAQ
FLL,Full House Resorts Inc.,NASDAQ
FLNC,Fluence Energy Inc.,NASDAQ
FLNG,FLEX LNG Ltd.,NYSE
FLNT,Fluent Inc.,NASDAQ
FLO,Flowers Foods Inc.,NYSE
FLR,Fluor Corporation,NYSE
FLS,Flowserve Corporation,NYSE
FLUT,Flutter Entertainment plc,NYSE
FLUX,Flux Power Holdings Inc.,NASDAQ
FLWS,1-800-FLOWERS.COM Inc.,NASDAQ
FLXS,Flexsteel Industries Inc.,NASDAQ
FLYE,Fly-E Group Inc.,NASDAQ
FLYW,Flywire Corporation Voting,NASDAQ
FLYX,flyExclusive Inc.,AMEX
FMAO,Farmers & Merchants Bancorp Inc.,NASDAQ
FMBH,First Mid Bancshares Inc.,NASDAQ
FMC,FMC Corporation,NYSE
FMNB,Farmers National Banc Corp.,NASDAQ
FMS,Fresenius Medical Care AG,NYSE
FMST,Foremost Lithium Resource & Technology Ltd.,NASDAQ
FMX,Fomento Economico Mexicano S.A.B. de C.V.,NYSE
FN,Fabrinet,NYSE
FNA,Paragon 28 Inc.,NYSE
FNB,F.N.B. Corporation,NYSE
FND,Floor & Decor Holdings Inc.,NYSE
FNF,FNF Group of Fidelity National Financial Inc.,NYSE
FNGR,FingerMotion Inc.,NASDAQ
FNKO,Funko Inc.,NASDAQ
FNLC,First Bancorp Inc  (ME),NASDAQ
FNV,Franco-Nevada Corporation,NYSE
FNVT,Finnovate Acquisition Corp.,NASDAQ
FNWB,First Northwest Bancorp,NASDAQ
FNWD,Finward Bancorp,NASDAQ
FOA,Finance of America Companies Inc.,NYSE
FOLD,Amicus Therapeutics Inc.,NASDAQ
FONR,Fonar Corporation,NASDAQ
FOR,Forestar Group Inc,NYSE
FORA,Forian Inc.,NASDAQ
FORD,Forward Industries Inc.,NASDAQ
FORL,Four Leaf Acquisition Corporation,NASDAQ
FORM,FormFactor Inc. FormFactor Inc.,NASDAQ
FORR,Forrester Research Inc.,NASDAQ
FORTY,Formula Systems (1985) Ltd.,NASDAQ
FOSL,Fossil Group Inc.,NASDAQ
FOUR,Shift4 Payments Inc.,NYSE
FOX,Fox Corporation,NASDAQ
FOXA,Fox Corporation,NASDAQ
FOXF,Fox Factory Holding Corp.,NASDAQ
FOXO,FOXO Technologies Inc.,AMEX
FPAY,FlexShopper Inc.,NASDAQ
FPH,Five Point Holdings LLC,NYSE
FPI,Farmland Partners Inc.,NYSE
FR,First Industrial Realty Trust Inc.,NYSE
FRAF,Franklin Financial Services Corporation,NASDAQ
FRBA,First Bank,NASDAQ
FRD,Friedman Industries Inc.,AMEX
FRES,Fresh2 Group Limited,NASDAQ
FREY,FREYR Battery Inc.,NYSE
FRGE,Forge Global Holdings Inc.,NYSE
FRGT,Freight Technologies Inc.,NASDAQ
FRHC,Freedom Holding Corp.,NASDAQ
FRLA,Fortune Rise Acquisition Corporation,NASDAQ
FRME,First Merchants Corporation,NASDAQ
FRO,Frontline Plc,NYSE
FROG,JFrog Ltd.,NASDAQ
FRPH,FRP Holdings Inc.,NASDAQ
FRPT,Freshpet Inc.,NASDAQ
FRSH,Freshworks Inc.,NASDAQ
FRST,Primis Financial Corp.,NASDAQ
FRSX,Foresight Autonomous Holdings Ltd.,NASDAQ
FRT,Federal Realty Investment Trust,NYSE
FRZA,Forza X1 Inc.,NASDAQ
FSBC,Five Star Bancorp,NASDAQ
FSBW,FS Bancorp Inc.,NASDAQ
FSCO,FS Credit Opportunities Corp.,NYSE
FSEA,First Seacoast Bancorp Inc.,NASDAQ
FSFG,First Savings Financial Group Inc.,NASDAQ
FSHP,Flag Ship Acquisition Corp.,NASDAQ
FSI,Flexible Solutions International Inc.,AMEX
FSK,FS KKR Capital Corp.,NYSE
FSLR,First Solar Inc.,NASDAQ
FSLY,Fastly Inc.,NYSE
FSM,Fortuna Mining Corp.,NYSE
FSP,Franklin Street Properties Corp.,AMEX
FSS,Federal Signal Corporation,NYSE
FSTR,L.B. Foster Company,NASDAQ
FSUN,FirstSun Capital Bancorp,NASDAQ
FSV,FirstService Corporation,NASDAQ
FT,Franklin Universal Trust,NYSE
FTAI,FTAI Aviation Ltd.,NASDAQ
FTCI,FTC Solar Inc.,NASDAQ
FTDR,Frontdoor Inc.,NASDAQ
FTEK,Fuel Tech Inc.,NASDAQ
FTEL,Fitell Corporation,NASDAQ
FTF,Franklin Limited Duration Income Trust,AMEX
FTFT,Future FinTech Group Inc.,NASDAQ
FTHM,Fathom Holdings Inc.,NASDAQ
FTI,TechnipFMC plc,NYSE
FTK,Flotek Industries Inc.,NYSE
FTLF,FitLife Brands Inc.,NASDAQ
FTNT,Fortinet Inc.,NASDAQ
FTRE,Fortrea Holdings Inc.,NASDAQ
FTS,Fortis Inc.,NYSE
FTV,Fortive Corporation,NYSE
FUBO,fuboTV Inc.,NYSE
FUFU,BitFuFu Inc.,NASDAQ
FUL,H. B. Fuller Company,NYSE
FULC,Fulcrum Therapeutics Inc.,NASDAQ
FULT,Fulton Financial Corporation,NASDAQ
FUN,Six Flags Entertainment Corporation,NYSE
FUNC,First United Corporation,NASDAQ
FUND,Sprott Focus Trust Inc.,NASDAQ
FURY,Fury Gold Mines Limited,AMEX
FUSB,First US Bancshares Inc.,NASDAQ
FUTU,Futu Holdings Limited,NASDAQ
FVCB,FVCBankcorp Inc.,NASDAQ
FVRR,Fiverr International Ltd.,NYSE
FWONA,Liberty Media Corporation,NASDAQ
FWONK,Liberty Media Corporation,NASDAQ
FWRD,Forward Air Corporation,NASDAQ
FWRG,First Watch Restaurant Group Inc.,NASDAQ
FXNC,First National Corporation,NASDAQ
FYBR,Frontier Communications Parent Inc.,NASDAQ
G,Genpact Limited,NYSE
GAB,Gabelli Equity Trust Inc. (The),NYSE
GABC,German American Bancorp Inc.,NASDAQ
GAIA,Gaia Inc.,NASDAQ
GAIN,Gladstone Investment Corporation Business Development Company,NASDAQ
GALT,Galectin Therapeutics Inc.,NASDAQ
GAM,General American Investors Inc.,NYSE
GAMB,Gambling.com Group Limited,NASDAQ
GAME,GameSquare Holdings Inc.,NASDAQ
GAN,GAN Limited,NASDAQ
GANX,Gain Therapeutics Inc.,NASDAQ
GAP,Gap Inc. (The),NYSE
GAQ,Generation Asia I Acquisition Limited,NASDAQ
GASS,StealthGas Inc.,NASDAQ
GATE,Marblegate Acquisition Corp.,NASDAQ
GATO,Gatos Silver Inc.,NYSE
GATX,GATX Corporation,NYSE
GAU,Galiano Gold Inc.,AMEX
GAUZ,Gauzy Ltd.,NASDAQ
GB,Global Blue Group Holding AG,NYSE
GBBK,Global Blockchain Acquisition Corp.,NASDAQ
GBCI,Glacier Bancorp Inc.,NYSE
GBDC,Golub Capital BDC Inc.,NASDAQ
GBIO,Generation Bio Co.,NASDAQ
GBLI,Global Indemnity Group LLC,NYSE
GBNY,Generations Bancorp NY Inc.,NASDAQ
GBR,New Concept Energy Inc,AMEX
GBTG,Global Business Travel Group Inc.,NYSE
GBX,Greenbrier Companies Inc. (The),NYSE
GCBC,Greene County Bancorp Inc.,NASDAQ
GCI,Gannett Co. Inc.,NYSE
GCMG,GCM Grosvenor Inc.,NASDAQ
GCO,Genesco Inc.,NYSE
GCT,GigaCloud Technology Inc,NASDAQ
GCTK,GlucoTrack Inc.,NASDAQ
GCTS,GCT Semiconductor Holding Inc.,NYSE
GD,General Dynamics Corporation,NYSE
GDC,GD Culture Group Limited,NASDAQ
GDDY,GoDaddy Inc.,NYSE
GDEN,Golden Entertainment Inc.,NASDAQ
GDEV,GDEV Inc.,NASDAQ
GDHG,Golden Heaven Group Holdings Ltd.,NASDAQ
GDOT,Green Dot Corporation,NYSE
GDRX,GoodRx Holdings Inc.,NASDAQ
GDS,GDS Holdings Limited,NASDAQ
GDST,Goldenstone Acquisition Limited,NASDAQ
GDTC,CytoMed Therapeutics Limited,NASDAQ
GDV,Gabelli Dividend & Income Trust,NYSE
GDYN,Grid Dynamics Holdings Inc.,NASDAQ
GE,GE Aerospace,NYSE
GECC,Great Elm Capital Corp.,NASDAQ
GEF,Greif Inc.,NYSE
GEG,Great Elm Group Inc.,NASDAQ
GEHC,GE HealthCare Technologies Inc.,NASDAQ
GEN,Gen Digital Inc.,NASDAQ
GENC,Gencor Industries Inc.,AMEX
GENE,Genetic Technologies Ltd,NASDAQ
GENI,Genius Sports Limited,NYSE
GENK,GEN Restaurant Group Inc.,NASDAQ
GEO,Geo Group Inc (The) REIT,NYSE
GEOS,Geospace Technologies Corporation,NASDAQ
GERN,Geron Corporation,NASDAQ
GES,Guess? Inc.,NYSE
GETY,Getty Images Holdings Inc.,NYSE
GEV,GE Vernova Inc.,NYSE
GEVO,Gevo Inc.,NASDAQ
GFAI,Guardforce AI Co. Limited,NASDAQ
GFF,Griffon Corporation,NYSE
GFI,Gold Fields Limited,NYSE
GFL,GFL Environmental Inc.,NYSE
GFR,Greenfire Resources Ltd.,NYSE
GFS,GlobalFoundries Inc.,NASDAQ
GGAL,Grupo Financiero Galicia S.A.,NASDAQ
GGB,Gerdau S.A.,NYSE
GGG,Graco Inc.,NYSE
GGN,GAMCO Global Gold Natural Resources & Income Trust,AMEX
GGR,Gogoro Inc.,NASDAQ
GGT,Gabelli Multi-Media Trust Inc. (The),NYSE
GGZ,Gabelli Global Small and Mid Cap Value Trust (The),NYSE
GH,Guardant Health Inc.,NASDAQ
GHC,Graham Holdings Company,NYSE
GHG,GreenTree Hospitality Group Ltd.,NYSE
GHIX,Gores Holdings IX Inc.,NASDAQ
GHLD,Guild Holdings Company,NYSE
GHM,Graham Corporation,NYSE
GHRS,GH Research PLC,NASDAQ
GHSI,Guardion Health Sciences Inc.,NASDAQ
GIB,CGI Inc.,NYSE
GIC,Global Industrial Company,NYSE
GIFI,Gulf Island Fabrication Inc.,NASDAQ
GIGM,GigaMedia Limited,NASDAQ
GIII,G-III Apparel Group LTD.,NASDAQ
GIL,Gildan Activewear Inc.,NYSE
GILD,Gilead Sciences Inc.,NASDAQ
GILT,Gilat Satellite Networks Ltd.,NASDAQ
GIPR,Generation Income Properties Inc.,NASDAQ
GIS,General Mills Inc.,NYSE
GKOS,Glaukos Corporation,NYSE
GL,Globe Life Inc.,NYSE
GLAC,Global Lights Acquisition Corp,NASDAQ
GLAD,Gladstone Capital Corporation,NASDAQ
GLBE,Global-E Online Ltd.,NASDAQ
GLBS,Globus Maritime Limited,NASDAQ
GLBZ,Glen Burnie Bancorp,NASDAQ
GLDD,Great Lakes Dredge & Dock Corporation,NASDAQ
GLDG,GoldMining Inc.,AMEX
GLLI,Globalink Investment Inc.,NASDAQ
GLMD,Galmed Pharmaceuticals Ltd.,NASDAQ
GLNG,Golar Lng Ltd,NASDAQ
GLOB,Globant S.A.,NYSE
GLPG,Galapagos NV,NASDAQ
GLPI,Gaming and Leisure Properties Inc.,NASDAQ
GLRE,Greenlight Capital Re Ltd.,NASDAQ
GLSI,Greenwich LifeSciences Inc.,NASDAQ
GLST,Global Star Acquisition Inc.,NASDAQ
GLT,Glatfelter Corporation,NYSE
GLTO,Galecto Inc.,NASDAQ
GLU,Gabelli Global Utility,AMEX
GLUE,Monte Rosa Therapeutics Inc.,NASDAQ
GLW,Corning Incorporated,NYSE
GLYC,GlycoMimetics Inc.,NASDAQ
GM,General Motors Company,NYSE
GMAB,Genmab A/S,NASDAQ
GME,GameStop Corporation,NYSE
GMED,Globus Medical Inc.,NYSE
GMGI,Golden Matrix Group Inc.,NASDAQ
GMM,Global Mofy Metaverse Limited,NASDAQ
GMRE,Global Medical REIT Inc.,NYSE
GMS,GMS Inc.,NYSE
GNE,Genie Energy Ltd.,NYSE
GNFT,GENFIT S.A.,NASDAQ
GNK,Genco Shipping & Trading Limited,NYSE
GNL,Global Net Lease Inc.,NYSE
GNLN,Greenlane Holdings Inc.,NASDAQ
GNLX,Genelux Corporation,NASDAQ
GNPX,Genprex Inc.,NASDAQ
GNRC,Generac Holdlings Inc.,NYSE
GNS,Genius Group Limited,AMEX
GNSS,Genasys Inc.,NASDAQ
GNT,GAMCO Natural Resources Gold & Income Trust,NYSE
GNTA,Genenta Science S.p.A.,NASDAQ
GNTX,Gentex Corporation,NASDAQ
GNTY,Guaranty Bancshares Inc.,NYSE
GNW,Genworth Financial Inc,NYSE
GO,Grocery Outlet Holding Corp.,NASDAQ
GOCO,GoHealth Inc.,NASDAQ
GODN,Golden Star Acquisition Corporation,NASDAQ
GOEV,Canoo Inc.,NASDAQ
GOGL,Golden Ocean Group Limited,NASDAQ
GOGO,Gogo Inc.,NASDAQ
GOLD,Barrick Gold Corporation,NYSE
GOLF,Acushnet Holdings Corp.,NYSE
GOOD,Gladstone Commercial Corporation Real Estate Investment Trust,NASDAQ
GOOG,Alphabet Inc.,NASDAQ
GOOGL,Alphabet Inc.,NASDAQ
GOOS,Canada Goose Holdings Inc.,NYSE
GORO,Gold Resource Corporation,AMEX
GORV,Lazydays Holdings Inc.,NASDAQ
GOSS,Gossamer Bio Inc.,NASDAQ
GOTU,Gaotu Techedu Inc.,NYSE
GOVX,GeoVax Labs Inc.,NASDAQ
GP,GreenPower Motor Company Inc.,NASDAQ
GPAT,GP-Act III Acquisition Corp.,NASDAQ
GPC,Genuine Parts Company,NYSE
GPCR,Structure Therapeutics Inc.,NASDAQ
GPI,Group 1 Automotive Inc.,NYSE
GPK,Graphic Packaging Holding Company,NYSE
GPMT,Granite Point Mortgage Trust Inc.,NYSE
GPN,Global Payments Inc.,NYSE
GPOR,Gulfport Energy Corporation,NYSE
GPRE,Green Plains Inc.,NASDAQ
GPRK,Geopark Ltd,NYSE
GPRO,GoPro Inc.,NASDAQ
GRAB,Grab Holdings Limited,NASDAQ
GRAF,Graf Global Corp.,AMEX
GRAL,GRAIL Inc.,NASDAQ
GRBK,Green Brick Partners Inc.,NYSE
GRC,Gorman-Rupp Company (The),NYSE
GRDI,GRIID Infrastructure Inc.,NASDAQ
GREE,Greenidge Generation Holdings Inc.,NASDAQ
GRFS,Grifols S.A.,NASDAQ
GRFX,Graphex Group Limited,AMEX
GRI,GRI Bio Inc.,NASDAQ
GRMN,Garmin Ltd.,NYSE
GRND,Grindr Inc.,NYSE
GRNQ,Greenpro Capital Corp.,NASDAQ
GRNT,Granite Ridge Resources Inc.,NYSE
GROV,Grove Collaborative Holdings Inc.,NYSE
GROW,U.S. Global Investors Inc.,NASDAQ
GROY,Gold Royalty Corp.,AMEX
GRPN,Groupon Inc.,NASDAQ
GRRR,Gorilla Technology Group Inc.,NASDAQ
GRTS,Gritstone bio Inc.,NASDAQ
GRVY,GRAVITY Co. Ltd.,NASDAQ
GRWG,GrowGeneration Corp.,NASDAQ
GRX,The Gabelli Healthcare & Wellness Trust,NYSE
GRYP,Gryphon Digital Mining Inc,NASDAQ
GS,Goldman Sachs Group Inc. (The),NYSE
GSAT,Globalstar Inc.,AMEX
GSBC,Great Southern Bancorp Inc.,NASDAQ
GSBD,Goldman Sachs BDC Inc.,NYSE
GSHD,Goosehead Insurance Inc.,NASDAQ
GSIT,GSI Technology,NASDAQ
GSIW,Garden Stage Limited,NASDAQ
GSK,GSK plc,NYSE
GSL,Global Ship Lease Inc New,NYSE
GSM,Ferroglobe PLC,NASDAQ
GSUN,Golden Sun Health Technology Group Limited,NASDAQ
GT,The Goodyear Tire & Rubber Company,NASDAQ
GTAC,Global Technology Acquisition Corp. I,NASDAQ
GTBP,GT Biopharma Inc.,NASDAQ
GTE,Gran Tierra Energy Inc.,AMEX
GTEC,Greenland Technologies Holding Corporation,NASDAQ
GTES,Gates Industrial Corporation plc,NYSE
GTHX,G1 Therapeutics Inc.,NASDAQ
GTI,Graphjet Technology,NASDAQ
GTIM,Good Times Restaurants Inc.,NASDAQ
GTLB,GitLab Inc.,NASDAQ
GTLS,Chart Industries Inc.,NYSE
GTN,Gray Television Inc.,NYSE
GTX,Garrett Motion Inc.,NASDAQ
GTY,Getty Realty Corporation,NYSE
GURE,Gulf Resources Inc. (NV),NASDAQ
GUT,Gabelli Utility Trust (The),NYSE
GUTS,Fractyl Health Inc.,NASDAQ
GV,Visionary Holdings Inc.,NASDAQ
GVA,Granite Construction Incorporated,NYSE
GVH,Globavend Holdings Limited,NASDAQ
GVP,GSE Systems Inc.,NASDAQ
GWAV,Greenwave Technology Solutions Inc.,NASDAQ
GWH,ESS Tech Inc.,NYSE
GWRE,Guidewire Software Inc.,NYSE
GWRS,Global Water Resources Inc.,NASDAQ
GWW,W.W. Grainger Inc.,NYSE
GXAI,Gaxos.ai Inc.,NASDAQ
GXO,GXO Logistics Inc.,NYSE
GYRE,Gyre Therapeutics Inc.,NASDAQ
GYRO,Gyrodyne LLC,NASDAQ
H,Hyatt Hotels Corporation,NYSE
HA,Hawaiian Holdings Inc.,NASDAQ
HAE,Haemonetics Corporation,NYSE
HAFC,Hanmi Financial Corporation,NASDAQ
HAFN,Hafnia Limited,NYSE
HAIA,Healthcare AI Acquisition Corp.,NASDAQ
HAIN,Hain Celestial Group Inc. (The),NASDAQ
HAL,Halliburton Company,NYSE
HALO,Halozyme Therapeutics Inc.,NASDAQ
HAO,Haoxi Health Technology Limited,NASDAQ
HAS,Hasbro Inc.,NASDAQ
HASI,HA Sustainable Infrastructure Capital Inc.,NYSE
HAYN,Haynes International Inc.,NASDAQ
HAYW,Hayward Holdings Inc.,NYSE
HBAN,Huntington Bancshares Incorporated,NASDAQ
HBB,Hamilton Beach Brands Holding Company,NYSE
HBCP,Home Bancorp Inc.,NASDAQ
HBI,Hanesbrands Inc.,NYSE
HBIO,Harvard Bioscience Inc.,NASDAQ
HBM,Hudbay Minerals Inc.,NYSE
HBNC,Horizon Bancorp Inc.,NASDAQ
HBT,HBT Financial Inc.,NASDAQ
HCA,HCA Healthcare Inc.,NYSE
HCAT,Health Catalyst Inc,NASDAQ
HCC,Warrior Met Coal Inc.,NYSE
HCI,HCI Group Inc.,NYSE
HCKT,Hackett Group Inc (The).,NASDAQ
HCM,HUTCHMED (China) Limited,NASDAQ
HCP,HashiCorp Inc.,NASDAQ
HCSG,Healthcare Services Group Inc.,NASDAQ
HCTI,Healthcare Triangle Inc.,NASDAQ
HCVI,Hennessy Capital Investment Corp. VI,NASDAQ
HCWB,HCW Biologics Inc.,NASDAQ
HD,Home Depot Inc. (The),NYSE
HDB,HDFC Bank Limited,NYSE
HDL,SUPER HI INTERNATIONAL HOLDING LTD.,NASDAQ
HDSN,Hudson Technologies Inc.,NASDAQ
HE,Hawaiian Electric Industries Inc.,NYSE
HEAR,Turtle Beach Corporation,NASDAQ
HEES,H&E Equipment Services Inc.,NASDAQ
HEI,Heico Corporation,NYSE
HEI.A,Heico Corporation,NYSE
HELE,Helen of Troy Limited,NASDAQ
HEPA,Hepion Pharmaceuticals Inc.,NASDAQ
HEPS,D-Market Electronic Services & Trading,NASDAQ
HES,Hess Corporation,NYSE
HESM,Hess Midstream LP,NYSE
HFBL,Home Federal Bancorp Inc. of Louisiana,NASDAQ
HFFG,HF Foods Group Inc.,NASDAQ
HFWA,Heritage Financial Corporation,NASDAQ
HG,Hamilton Insurance Group Ltd.,NYSE
HGBL,Heritage Global Inc.,NASDAQ
HGTY,Hagerty Inc.,NYSE
HGV,Hilton Grand Vacations Inc.,NYSE
HHGC,HHG Capital Corporation,NASDAQ
HHH,Howard Hughes Holdings Inc.,NYSE
HHS,Harte Hanks Inc.,NASDAQ
HI,Hillenbrand Inc,NYSE
HIFS,Hingham Institution for Savings,NASDAQ
HIG,Hartford Financial Services Group Inc. (The),NYSE
HIHO,Highway Holdings Limited,NASDAQ
HII,Huntington Ingalls Industries Inc.,NYSE
HIMS,Hims & Hers Health Inc.,NYSE
HIMX,Himax Technologies Inc.,NASDAQ
HIPO,Hippo Holdings Inc.,NYSE
HITI,High Tide Inc.,NASDAQ
HIVE,HIVE Digital Technologies Ltd.,NASDAQ
HIW,Highwoods Properties Inc.,NYSE
HKD,AMTD Digital Inc.,NYSE
HKIT,Hitek Global Inc.,NASDAQ
HL,Hecla Mining Company,NYSE
HLF,Herbalife Ltd.,NYSE
HLI,Houlihan Lokey Inc.,NYSE
HLIO,Helios Technologies Inc.,NYSE
HLIT,Harmonic Inc.,NASDAQ
HLLY,Holley Inc.,NYSE
HLMN,Hillman Solutions Corp.,NASDAQ
HLN,Haleon plc,NYSE
HLNE,Hamilton Lane Incorporated,NASDAQ
HLP,Hongli Group Inc.,NASDAQ
HLT,Hilton Worldwide Holdings Inc.,NYSE
HLVX,HilleVax Inc.,NASDAQ
HLX,Helix Energy Solutions Group Inc.,NYSE
HLXB,Helix Acquisition Corp. II,NASDAQ
HMC,Honda Motor Company Ltd.,NYSE
HMN,Horace Mann Educators Corporation,NYSE
HMNF,HMN Financial Inc.,NASDAQ
HMST,HomeStreet Inc.,NASDAQ
HMY,Harmony Gold Mining Company Limited,NYSE
HNI,HNI Corporation,NYSE
HNNA,Hennessy Advisors Inc.,NASDAQ
HNRA,HNR Acquisition Corp,AMEX
HNRG,Hallador Energy Company,NASDAQ
HNST,The Honest Company Inc.,NASDAQ
HNVR,Hanover Bancorp Inc.,NASDAQ
HOFT,Hooker Furnishings Corporation,NASDAQ
HOFV,Hall of Fame Resort & Entertainment Company,NASDAQ
HOG,Harley-Davidson Inc.,NYSE
HOLO,MicroCloud Hologram Inc.,NASDAQ
HOLX,Hologic Inc.,NASDAQ
HOMB,Home BancShares Inc.,NYSE
HON,Honeywell International Inc.,NASDAQ
HONE,HarborOne Bancorp Inc.,NASDAQ
HOOD,Robinhood Markets Inc.,NASDAQ
HOOK,HOOKIPA Pharma Inc.,NASDAQ
HOPE,Hope Bancorp Inc.,NASDAQ
HOTH,Hoth Therapeutics Inc.,NASDAQ
HOUR,Hour Loop Inc.,NASDAQ
HOUS,Anywhere Real Estate Inc.,NYSE
HOV,Hovnanian Enterprises Inc.,NYSE
HOVR,New Horizon Aircraft Ltd.,NASDAQ
HOWL,Werewolf Therapeutics Inc.,NASDAQ
HP,Helmerich & Payne Inc.,NYSE
HPAI,Helport AI Limited,NASDAQ
HPCO,Hempacco Co. Inc.,NASDAQ
HPE,Hewlett Packard Enterprise Company,NYSE
HPH,Highest Performances Holdings Inc.,NASDAQ
HPK,HighPeak Energy Inc.,NASDAQ
HPP,Hudson Pacific Properties Inc.,NYSE
HPQ,HP Inc.,NYSE
HQH,abrdn Healthcare Investors,NYSE
HQI,HireQuest Inc.,NASDAQ
HQL,abrdn Life Sciences Investors,NYSE
HQY,HealthEquity Inc.,NASDAQ
HR,Healthcare Realty Trust Incorporated,NYSE
HRB,H&R Block Inc.,NYSE
HRI,Herc Holdings Inc.,NYSE
HRL,Hormel Foods Corporation,NYSE
HRMY,Harmony Biosciences Holdings Inc.,NASDAQ
HROW,Harrow Inc.,NASDAQ
HRTG,Heritage Insurance Holdings Inc.,NYSE
HRTX,Heron Therapeutics Inc.,NASDAQ
HRYU,Hanryu Holdings Inc.,NASDAQ
HRZN,Horizon Technology Finance Corporation,NASDAQ
HSAI,Hesai Group,NASDAQ
HSBC,HSBC Holdings plc.,NYSE
HSCS,Heart Test Laboratories Inc.,NASDAQ
HSDT,Helius Medical Technologies Inc.,NASDAQ
HSHP,Himalaya Shipping Ltd.,NYSE
HSIC,Henry Schein Inc.,NASDAQ
HSII,Heidrick & Struggles International Inc.,NASDAQ
HSON,Hudson Global Inc.,NASDAQ
HSPO,Horizon Space Acquisition I Corp.,NASDAQ
HST,Host Hotels & Resorts Inc.,NASDAQ
HSTM,HealthStream Inc.,NASDAQ
HSY,The Hershey Company,NYSE
HTBI,HomeTrust Bancshares Inc.,NASDAQ
HTBK,Heritage Commerce Corp,NASDAQ
HTCR,Heartcore Enterprises Inc.,NASDAQ
HTGC,Hercules Capital Inc.,NYSE
HTH,Hilltop Holdings Inc.,NYSE
HTHT,H World Group Limited,NASDAQ
HTLD,Heartland Express Inc.,NASDAQ
HTLF,Heartland Financial USA Inc.,NASDAQ
HTOO,Fusion Fuel Green PLC,NASDAQ
HTZ,Hertz Global Holdings Inc,NASDAQ
HUBB,Hubbell Inc,NYSE
HUBC,Hub Cyber Security Ltd.,NASDAQ
HUBG,Hub Group Inc.,NASDAQ
HUBS,HubSpot Inc.,NYSE
HUDI,Huadi International Group Co. Ltd.,NASDAQ
HUIZ,Huize Holding Limited,NASDAQ
HUM,Humana Inc.,NYSE
HUMA,Humacyte Inc.,NASDAQ
HUN,Huntsman Corporation,NYSE
HURC,Hurco Companies Inc.,NASDAQ
HURN,Huron Consulting Group Inc.,NASDAQ
HUSA,Houston American Energy Corporation,AMEX
HUT,Hut 8 Corp.,NASDAQ
HUYA,HUYA Inc.,NYSE
HVT,Haverty Furniture Companies Inc.,NYSE
HVT.A,Haverty Furniture Companies Inc.,NYSE
HWBK,Hawthorn Bancshares Inc.,NASDAQ
HWC,Hancock Whitney Corporation,NASDAQ
HWH,HWH International Inc.,NASDAQ
HWKN,Hawkins Inc.,NASDAQ
HWM,Howmet Aerospace Inc.,NYSE
HXL,Hexcel Corporation,NYSE
HY,Hyster-Yale Inc.,NYSE
HYAC,Haymaker Acquisition Corp. 4,NYSE
HYFM,Hydrofarm Holdings Group Inc.,NASDAQ
HYLN,Hyliion Holdings Corp.,NYSE
HYMC,Hycroft Mining Holding Corporation,NASDAQ
HYPR,Hyperfine Inc.,NASDAQ
HYZN,Hyzon Motors Inc.,NASDAQ
HZO,MarineMax Inc.  (FL),NYSE
IAC,IAC Inc.,NASDAQ
IAG,Iamgold Corporation,NYSE
IART,Integra LifeSciences Holdings Corporation,NASDAQ
IAS,Integral Ad Science Holding Corp.,NASDAQ
IAUX,i-80 Gold Corp.,AMEX
IBAC,IB Acquisition Corp.,NASDAQ
IBCP,Independent Bank Corporation,NASDAQ
IBEX,IBEX Limited,NASDAQ
IBIO,iBio Inc.,AMEX
IBKR,Interactive Brokers Group Inc.,NASDAQ
IBM,International Business Machines Corporation,NYSE
IBN,ICICI Bank Limited,NYSE
IBOC,International Bancshares Corporation,NASDAQ
IBP,Installed Building Products Inc.,NYSE
IBRX,ImmunityBio Inc.,NASDAQ
IBTA,Ibotta Inc.,NYSE
IBTX,Independent Bank Group Inc,NASDAQ
ICAD,iCAD Inc.,NASDAQ
ICCC,ImmuCell Corporation,NASDAQ
ICCH,ICC Holdings Inc.,NASDAQ
ICCM,IceCure Medical Ltd.,NASDAQ
ICCT,iCoreConnect Inc.,NASDAQ
ICD,Independence Contract Drilling Inc.,NYSE
ICE,Intercontinental Exchange Inc.,NYSE
ICFI,ICF International Inc.,NASDAQ
ICG,Intchains Group Limited,NASDAQ
ICHR,Ichor Holdings,NASDAQ
ICL,ICL Group Ltd.,NYSE
ICLK,iClick Interactive Asia Group Limited,NASDAQ
ICLR,ICON plc,NASDAQ
ICMB,Investcorp Credit Management BDC Inc.,NASDAQ
ICON,Icon Energy Corp.,NASDAQ
ICU,SeaStar Medical Holding Corporation,NASDAQ
ICUI,ICU Medical Inc.,NASDAQ
IDA,IDACORP Inc.,NYSE
IDAI,T Stamp Inc.,NASDAQ
IDCC,InterDigital Inc.,NASDAQ
IDN,Intellicheck Inc.,NASDAQ
IDR,Idaho Strategic Resources Inc.,AMEX
IDT,IDT Corporation,NYSE
IDXX,IDEXX Laboratories Inc.,NASDAQ
IDYA,IDEAYA Biosciences Inc.,NASDAQ
IE,Ivanhoe Electric Inc.,AMEX
IEP,Icahn Enterprises L.P.,NASDAQ
IESC,IES Holdings Inc.,NASDAQ
IEX,IDEX Corporation,NYSE
IFBD,Infobird Co. Ltd,NASDAQ
IFF,International Flavors & Fragrances Inc.,NYSE
IFIN,InFinT Acquisition Corporation,NYSE
IFRX,InflaRx N.V.,NASDAQ
IFS,Intercorp Financial Services Inc.,NYSE
IGC,IGC Pharma Inc.,AMEX
IGI,Western Asset Investment Grade Defined Opportunity Trust Inc.,NYSE
IGIC,International General Insurance Holdings Ltd.,NASDAQ
IGMS,IGM Biosciences Inc.,NASDAQ
IGT,International Game Technology,NYSE
IGTA,Inception Growth Acquisition Limited,NASDAQ
IH,iHuman Inc.,NYSE
IHG,Intercontinental Hotels Group,NYSE
IHRT,iHeartMedia Inc.,NASDAQ
IHS,IHS Holding Limited,NYSE
IHT,InnSuites Hospitality Trust,AMEX
III,Information Services Group Inc.,NASDAQ
IIIN,Insteel Industries Inc.,NYSE
IIIV,i3 Verticals Inc.,NASDAQ
IINN,Inspira Technologies Oxy B.H.N. Ltd.,NASDAQ
IIPR,Innovative Industrial Properties Inc.,NYSE
IKNA,Ikena Oncology Inc.,NASDAQ
IKT,Inhibikase Therapeutics Inc.,NASDAQ
ILAG,Intelligent Living Application Group Inc.,NASDAQ
ILMN,Illumina Inc.,NASDAQ
ILPT,Industrial Logistics Properties Trust,NASDAQ
IMAB,I-MAB,NASDAQ
IMAX,Imax Corporation,NYSE
IMCC,IM Cannabis Corp.,NASDAQ
IMCR,Immunocore Holdings plc,NASDAQ
IMKTA,Ingles Markets Incorporated,NASDAQ
IMMP,Immutep Limited,NASDAQ
IMMR,Immersion Corporation,NASDAQ
IMMX,Immix Biopharma Inc.,NASDAQ
IMNM,Immunome Inc.,NASDAQ
IMNN,Imunon Inc.,NASDAQ
IMO,Imperial Oil Limited,AMEX
IMOS,ChipMOS TECHNOLOGIES INC.,NASDAQ
IMPP,Imperial Petroleum Inc.,NASDAQ
IMRN,Immuron Limited,NASDAQ
IMRX,Immuneering Corporation,NASDAQ
IMTE,Integrated Media Technology Limited,NASDAQ
IMTX,Immatics N.V.,NASDAQ
IMUX,Immunic Inc.,NASDAQ
IMVT,Immunovant Inc.,NASDAQ
IMXI,International Money Express Inc.,NASDAQ
INAB,IN8bio Inc.,NASDAQ
INAQ,Insight Acquisition Corp.,NASDAQ
INBK,First Internet Bancorp,NASDAQ
INBS,Intelligent Bio Solutions Inc.,NASDAQ
INBX,Inhibrx Biosciences Inc.,NASDAQ
INCR,Intercure Ltd.,NASDAQ
INCY,Incyte Corp.,NASDAQ
INDB,Independent Bank Corp.,NASDAQ
INDI,indie Semiconductor Inc.,NASDAQ
INDO,Indonesia Energy Corporation Limited,AMEX
INDP,Indaptus Therapeutics Inc.,NASDAQ
INDV,Indivior PLC,NASDAQ
INFA,Informatica Inc.,NYSE
INFN,Infinera Corporation,NASDAQ
INFU,InfuSystems Holdings Inc.,AMEX
INFY,Infosys Limited,NYSE
ING,ING Group N.V.,NYSE
INGN,Inogen Inc,NASDAQ
INGR,Ingredion Incorporated,NYSE
INHD,Inno Holdings Inc.,NASDAQ
INKT,MiNK Therapeutics Inc.,NASDAQ
INLX,Intellinetics Inc.,AMEX
INM,InMed Pharmaceuticals Inc.,NASDAQ
INMB,INmune Bio Inc.,NASDAQ
INMD,InMode Ltd.,NASDAQ
INN,Summit Hotel Properties Inc.,NYSE
INNV,InnovAge Holding Corp.,NASDAQ
INO,Inovio Pharmaceuticals Inc.,NASDAQ
INOD,Innodata Inc.,NASDAQ
INSE,Inspired Entertainment Inc.,NASDAQ
INSG,Inseego Corp.,NASDAQ
INSM,Insmed Incorporated,NASDAQ
INSP,Inspire Medical Systems Inc.,NYSE
INST,Instructure Holdings Inc.,NYSE
INSW,International Seaways Inc.,NYSE
INTA,Intapp Inc.,NASDAQ
INTC,Intel Corporation,NASDAQ
INTE,Integral Acquisition Corporation 1,NASDAQ
INTG,Intergroup Corporation (The),NASDAQ
INTJ,Intelligent Group Limited,NASDAQ
INTR,Inter & Co. Inc.,NASDAQ
INTS,Intensity Therapeutics Inc.,NASDAQ
INTT,inTest Corporation,AMEX
INTU,Intuit Inc.,NASDAQ
INTZ,Intrusion Inc.,NASDAQ
INUV,Inuvo Inc.,AMEX
INVA,Innoviva Inc.,NASDAQ
INVE,Identiv Inc.,NASDAQ
INVH,Invitation Homes Inc.,NYSE
INVO,INVO BioScience Inc.,NASDAQ
INVZ,Innoviz Technologies Ltd.,NASDAQ
INZY,Inozyme Pharma Inc.,NASDAQ
IOBT,IO Biotech Inc.,NASDAQ
IONQ,IonQ Inc.,NYSE
IONR,ioneer Ltd,NASDAQ
IONS,Ionis Pharmaceuticals Inc.,NASDAQ
IOR,Income Opportunity Realty Investors Inc.,AMEX
IOSP,Innospec Inc.,NASDAQ
IOT,Samsara Inc.,NYSE
IOVA,Iovance Biotherapeutics Inc.,NASDAQ
IP,International Paper Company,NYSE
IPA,ImmunoPrecise Antibodies Ltd.,NASDAQ
IPAR,Inter Parfums Inc.,NASDAQ
IPDN,Professional Diversity Network Inc.,NASDAQ
IPG,Interpublic Group of Companies Inc. (The),NYSE
IPGP,IPG Photonics Corporation,NASDAQ
IPHA,Innate Pharma S.A.,NASDAQ
IPI,Intrepid Potash Inc,NYSE
IPSC,Century Therapeutics Inc.,NASDAQ
IPW,iPower Inc.,NASDAQ
IPWR,Ideal Power Inc.,NASDAQ
IPX,IperionX Limited,NASDAQ
IPXX,Inflection Point Acquisition Corp. II,NASDAQ
IQ,iQIYI Inc.,NASDAQ
IQV,IQVIA Holdings Inc.,NYSE
IR,Ingersoll Rand Inc.,NYSE
IRAA,Iris Acquisition Corp,NASDAQ
IRBT,iRobot Corporation,NASDAQ
IRDM,Iridium Communications Inc,NASDAQ
IREN,Iris Energy Limited,NASDAQ
IRIX,IRIDEX Corporation,NASDAQ
IRM,Iron Mountain Incorporated (Delaware)Common Stock REIT,NYSE
IRMD,iRadimed Corporation,NASDAQ
IROH,Iron Horse Acquisitions Corp.,NASDAQ
IRON,Disc Medicine Inc.,NASDAQ
IROQ,IF Bancorp Inc.,NASDAQ
IRS,IRSA Inversiones Y Representaciones S.A. Global,NYSE
IRT,Independence Realty Trust Inc.,NYSE
IRTC,iRhythm Technologies Inc.,NASDAQ
IRWD,Ironwood Pharmaceuticals Inc.,NASDAQ
ISDR,Issuer Direct Corporation,AMEX
ISPC,iSpecimen Inc.,NASDAQ
ISPO,Inspirato Incorporated,NASDAQ
ISPR,Ispire Technology Inc.,NASDAQ
ISRG,Intuitive Surgical Inc.,NASDAQ
ISRL,Israel Acquisitions Corp,NASDAQ
ISSC,Innovative Solutions and Support Inc.,NASDAQ
ISTR,Investar Holding Corporation,NASDAQ
IT,Gartner Inc.,NYSE
ITCI,Intra-Cellular Therapies Inc.,NASDAQ
ITGR,Integer Holdings Corporation,NYSE
ITI,Iteris Inc.,NASDAQ
ITIC,Investors Title Company,NASDAQ
ITOS,iTeos Therapeutics Inc.,NASDAQ
ITP,IT Tech Packaging Inc.,AMEX
ITRG,Integra Resources Corp.,AMEX
ITRI,Itron Inc.,NASDAQ
ITRM,Iterum Therapeutics plc,NASDAQ
ITRN,Ituran Location and Control Ltd.,NASDAQ
ITT,ITT Inc.,NYSE
ITW,Illinois Tool Works Inc.,NYSE
IVA,Inventiva S.A.,NASDAQ
IVAC,Intevac Inc.,NASDAQ
IVCA,Investcorp India Acquisition Corp.,NASDAQ
IVCB,Investcorp Europe Acquisition Corp I,NASDAQ
IVCP,Swiftmerge Acquisition Corp.,NASDAQ
IVDA,Iveda Solutions Inc.,NASDAQ
IVP,Inspire Veterinary Partners Inc.,NASDAQ
IVR,INVESCO MORTGAGE CAPITAL INC,NYSE
IVT,InvenTrust Properties Corp.,NYSE
IVVD,Invivyd Inc.,NASDAQ
IVZ,Invesco Ltd,NYSE
IX,Orix Corp Ads,NYSE
IXAQ,IX Acquisition Corp.,NASDAQ
IXHL,Incannex Healthcare Inc.,NASDAQ
IZEA,IZEA Worldwide Inc.,NASDAQ
IZM,ICZOOM Group Inc.,NASDAQ
J,Jacobs Solutions Inc.,NYSE
JACK,Jack In The Box Inc.,NASDAQ
JAGX,Jaguar Health Inc.,NASDAQ
JAKK,JAKKS Pacific Inc.,NASDAQ
JAMF,Jamf Holding Corp.,NASDAQ
JANX,Janux Therapeutics Inc.,NASDAQ
JAZZ,Jazz Pharmaceuticals plc,NASDAQ
JBGS,JBG SMITH Properties,NYSE
JBHT,J.B. Hunt Transport Services Inc.,NASDAQ
JBI,Janus International Group Inc.,NYSE
JBL,Jabil Inc.,NYSE
JBLU,JetBlue Airways Corporation,NASDAQ
JBSS,John B. Sanfilippo & Son Inc.,NASDAQ
JBT,John Bean Technologies Corporation,NYSE
JCI,Johnson Controls International plc,NYSE
JCSE,JE Cleantech Holdings Limited,NASDAQ
JCTCF,Jewett-Cameron Trading Company,NASDAQ
JD,JD.com Inc.,NASDAQ
JDZG,JIADE LIMITED,NASDAQ
JEF,Jefferies Financial Group Inc.,NYSE
JELD,JELD-WEN Holding Inc.,NYSE
JEWL,Adamas One Corp.,NASDAQ
JFBR,Jeffs' Brands Ltd,NASDAQ
JFIN,Jiayin Group Inc.,NASDAQ
JFU,9F Inc.,NASDAQ
JG,Aurora Mobile Limited,NASDAQ
JHG,Janus Henderson Group plc,NYSE
JHI,John Hancock Investors Trust,NYSE
JHS,John Hancock Income Securities Trust,NYSE
JHX,James Hardie Industries plc,NYSE
JILL,J. Jill Inc.,NYSE
JJSF,J & J Snack Foods Corp.,NASDAQ
JKHY,Jack Henry & Associates Inc.,NASDAQ
JKS,JinkoSolar Holding Company Limited,NYSE
JL,J-Long Group Limited,NASDAQ
JLL,Jones Lang LaSalle Incorporated,NYSE
JMIA,Jumia Technologies AG,NYSE
JMSB,John Marshall Bancorp Inc.,NASDAQ
JNJ,Johnson & Johnson,NYSE
JNPR,Juniper Networks Inc.,NYSE
JNVR,Janover Inc.,NASDAQ
JOB,GEE Group Inc.,AMEX
JOBY,Joby Aviation Inc.,NYSE
JOE,St. Joe Company (The),NYSE
JOUT,Johnson Outdoors Inc.,NASDAQ
JPM,JP Morgan Chase & Co.,NYSE
JRSH,Jerash Holdings (US) Inc.,NASDAQ
JRVR,James River Group Holdings Ltd.,NASDAQ
JSPR,Jasper Therapeutics Inc.,NASDAQ
JTAI,Jet.AI Inc.,NASDAQ
JUNE,Junee Limited,NASDAQ
JVA,Coffee Holding Co. Inc.,NASDAQ
JVSA,JV SPAC Acquisition Corp.,NASDAQ
JWEL,Jowell Global Ltd.,NASDAQ
JWN,Nordstrom Inc.,NYSE
JWSM,Jaws Mustang Acquisition Corp.,AMEX
JXJT,JX Luxventure Limited,NASDAQ
JXN,Jackson Financial Inc.,NYSE
JYD,Jayud Global Logistics Limited,NASDAQ
JYNT,The Joint Corp.,NASDAQ
JZ,Jianzhi Education Technology Group Company Limited,NASDAQ
JZXN,Jiuzi Holdings Inc.,NASDAQ
K,Kellanova,NYSE
KA,Kineta Inc.,NASDAQ
KACL,Kairous Acquisition Corp. Limited,NASDAQ
KAI,Kadant Inc,NYSE
KALA,KALA BIO Inc.,NASDAQ
KALU,Kaiser Aluminum Corporation,NASDAQ
KALV,KalVista Pharmaceuticals Inc.,NASDAQ
KAR,OPENLANE Inc.,NYSE
KARO,Karooooo Ltd.,NASDAQ
KAVL,Kaival Brands Innovations Group Inc.,NASDAQ
KB,KB Financial Group Inc,NYSE
KBDC,Kayne Anderson BDC Inc.,NYSE
KBH,KB Home,NYSE
KBR,KBR Inc.,NYSE
KC,Kingsoft Cloud Holdings Limited,NASDAQ
KD,Kyndryl Holdings Inc.,NYSE
KDLY,Kindly MD Inc.,NASDAQ
KDP,Keurig Dr Pepper Inc.,NASDAQ
KE,Kimball Electronics Inc.,NASDAQ
KELYA,Kelly Services Inc.,NASDAQ
KELYB,Kelly Services Inc.,NASDAQ
KEN,Kenon Holdings Ltd.,NYSE
KEP,Korea Electric Power Corporation,NYSE
KEQU,Kewaunee Scientific Corporation,NASDAQ
KEX,Kirby Corporation,NYSE
KEY,KeyCorp,NYSE
KEYS,Keysight Technologies Inc.,NYSE
KFFB,Kentucky First Federal Bancorp,NASDAQ
KFRC,Kforce Inc.,NYSE
KFS,Kingsway Financial Services Inc.,NYSE
KFY,Korn Ferry,NYSE
KGC,Kinross Gold Corporation,NYSE
KGEI,Kolibri Global Energy Inc.,NASDAQ
KGS,Kodiak Gas Services Inc.,NYSE
KHC,The Kraft Heinz Company,NASDAQ
KIDS,OrthoPediatrics Corp.,NASDAQ
KIM,Kimco Realty Corporation (HC),NYSE
KIND,Nextdoor Holdings Inc.,NYSE
KINS,Kingstone Companies Inc.,NASDAQ
KIRK,Kirkland's Inc. COMMONSTOCK,NASDAQ
KITT,Nauticus Robotics Inc.,NASDAQ
KKR,KKR & Co. Inc.,NYSE
KLAC,KLA Corporation,NASDAQ
KLG,WK Kellogg Co,NYSE
KLIC,Kulicke and Soffa Industries Inc.,NASDAQ
KLTR,Kaltura Inc.,NASDAQ
KLXE,KLX Energy Services Holdings Inc.,NASDAQ
KMB,Kimberly-Clark Corporation,NYSE
KMDA,Kamada Ltd.,NASDAQ
KMI,Kinder Morgan Inc.,NYSE
KMPR,Kemper Corporation,NYSE
KMT,Kennametal Inc.,NYSE
KMX,CarMax Inc,NYSE
KN,Knowles Corporation,NYSE
KNDI,Kandi Technologies Group Inc.,NASDAQ
KNF,Knife Riv Holding Co.,NYSE
KNSA,Kiniksa Pharmaceuticals International plc,NASDAQ
KNSL,Kinsale Capital Group Inc.,NYSE
KNTK,Kinetik Holdings Inc.,NYSE
KNW,Know Labs Inc.,AMEX
KNX,Knight-Swift Transportation Holdings Inc.,NYSE
KO,Coca-Cola Company (The),NYSE
KOD,Kodiak Sciences Inc,NASDAQ
KODK,Eastman Kodak Company,NYSE
KOP,Koppers Holdings Inc.,NYSE
KOPN,Kopin Corporation,NASDAQ
KORE,KORE Group Holdings Inc.,NYSE
KOS,Kosmos Energy Ltd.,NYSE
KOSS,Koss Corporation,NASDAQ
KPLT,Katapult Holdings Inc.,NASDAQ
KPRX,Kiora Pharmaceuticals Inc. ,NASDAQ
KPTI,Karyopharm Therapeutics Inc.,NASDAQ
KR,Kroger Company (The),NYSE
KRC,Kilroy Realty Corporation,NYSE
KREF,KKR Real Estate Finance Trust Inc.,NYSE
KRG,Kite Realty Group Trust,NYSE
KRKR,36Kr Holdings Inc.,NASDAQ
KRMD,KORU Medical Systems Inc.,NASDAQ
KRNT,Kornit Digital Ltd.,NASDAQ
KRNY,Kearny Financial Corp,NASDAQ
KRO,Kronos Worldwide Inc,NYSE
KRON,Kronos Bio Inc.,NASDAQ
KROS,Keros Therapeutics Inc.,NASDAQ
KRRO,Korro Bio Inc.,NASDAQ
KRT,Karat Packaging Inc.,NASDAQ
KRUS,Kura Sushi USA Inc.,NASDAQ
KRYS,Krystal Biotech Inc.,NASDAQ
KSCP,Knightscope Inc.,NASDAQ
KSPI,Joint Stock Company Kaspi.kz,NASDAQ
KSS,Kohl's Corporation,NYSE
KT,KT Corporation,NYSE
KTB,Kontoor Brands Inc.,NYSE
KTCC,Key Tronic Corporation,NASDAQ
KTOS,Kratos Defense & Security Solutions Inc.,NASDAQ
KTRA,Kintara Therapeutics Inc.,NASDAQ
KTTA,Pasithea Therapeutics Corp.,NASDAQ
KUKE,Kuke Music Holding Limited,NYSE
KULR,KULR Technology Group Inc.,AMEX
KURA,Kura Oncology Inc.,NASDAQ
KVAC,Keen Vision Acquisition Corporation,NASDAQ
KVHI,KVH Industries Inc.,NASDAQ
KVUE,Kenvue Inc.,NYSE
KVYO,Klaviyo Inc.,NYSE
KW,Kennedy-Wilson Holdings Inc.,NYSE
KWE,KWESST Micro Systems Inc.,NASDAQ
KWR,Quaker Houghton,NYSE
KXIN,Kaixin Holdings,NASDAQ
KYMR,Kymera Therapeutics Inc.,NASDAQ
KYTX,Kyverna Therapeutics Inc.,NASDAQ
KZIA,Kazia Therapeutics Limited,NASDAQ
KZR,Kezar Life Sciences Inc.,NASDAQ
L,Loews Corporation,NYSE
LAAC,Lithium Americas (Argentina) Corp.,NYSE
LAB,Standard BioTools Inc.,NASDAQ
LAC,Lithium Americas Corp.,NYSE
LAD,Lithia Motors Inc.,NYSE
LADR,Ladder Capital Corp,NYSE
LAES,SEALSQ Corp,NASDAQ
LAKE,Lakeland Industries Inc.,NASDAQ
LAMR,Lamar Advertising Company,NASDAQ
LANC,Lancaster Colony Corporation,NASDAQ
LAND,Gladstone Land Corporation,NASDAQ
LANV,Lanvin Group Holdings Limited,NYSE
LARK,Landmark Bancorp Inc.,NASDAQ
LASE,Laser Photonics Corporation,NASDAQ
LASR,nLIGHT Inc.,NASDAQ
LAUR,Laureate Education Inc.,NASDAQ
LAW,CS Disco Inc.,NYSE
LAZ,Lazard Inc.,NYSE
LAZR,Luminar Technologies Inc. ,NASDAQ
LB,LandBridge Company LLC,NYSE
LBPH,Longboard Pharmaceuticals Inc.,NASDAQ
LBRDA,Liberty Broadband Corporation,NASDAQ
LBRDK,Liberty Broadband Corporation,NASDAQ
LBRT,Liberty Energy Inc.,NYSE
LBTYA,Liberty Global Ltd.,NASDAQ
LBTYB,Liberty Global Ltd.,NASDAQ
LBTYK,Liberty Global Ltd.,NASDAQ
LC,LendingClub Corporation,NYSE
LCFY,Locafy Limited,NASDAQ
LCID,Lucid Group Inc.,NASDAQ
LCII,LCI Industries,NYSE
LCNB,LCNB Corporation,NASDAQ
LCTX,Lineage Cell Therapeutics Inc.,AMEX
LCUT,Lifetime Brands Inc.,NASDAQ
LCW,Learn CW Investment Corporation,NYSE
LDI,loanDepot Inc.,NYSE
LDOS,Leidos Holdings Inc.,NYSE
LDTC,LeddarTech Holdings Inc.,NASDAQ
LDWY,Lendway Inc.,NASDAQ
LE,Lands' End Inc.,NASDAQ
LEA,Lear Corporation,NYSE
LECO,Lincoln Electric Holdings Inc.,NASDAQ
LEDS,SemiLEDS Corporation,NASDAQ
LEE,Lee Enterprises Incorporated,NASDAQ
LEG,Leggett & Platt Incorporated,NYSE
LEGH,Legacy Housing Corporation,NASDAQ
LEGN,Legend Biotech Corporation,NASDAQ
LEGT,Legato Merger Corp. III,AMEX
LEN,Lennar Corporation,NYSE
LENZ,LENZ Therapeutics Inc.,NASDAQ
LEO,BNY Mellon Strategic Municipals Inc.,NYSE
LESL,Leslie's Inc.,NASDAQ
LEU,Centrus Energy Corp.,AMEX
LEV,The Lion Electric Company,NYSE
LEVI,Levi Strauss & Co,NYSE
LEXX,Lexaria Bioscience Corp.,NASDAQ
LFCR,Lifecore Biomedical Inc.,NASDAQ
LFLY,Leafly Holdings Inc.,NASDAQ
LFMD,LifeMD Inc.,NASDAQ
LFST,LifeStance Health Group Inc.,NASDAQ
LFT,Lument Finance Trust Inc.,NYSE
LFUS,Littelfuse Inc.,NASDAQ
LFVN,Lifevantage Corporation,NASDAQ
LFWD,ReWalk Robotics Ltd.,NASDAQ
LGCB,Linkage Global Inc,NASDAQ
LGCL,Lucas GC Limited,NASDAQ
LGHL,Lion Group Holding Ltd.,NASDAQ
LGIH,LGI Homes Inc.,NASDAQ
LGL,LGL Group Inc. (The),AMEX
LGMK,LogicMark Inc.,NASDAQ
LGND,Ligand Pharmaceuticals Incorporated,NASDAQ
LGO,Largo Inc.,NASDAQ
LGVN,Longeveron Inc.,NASDAQ
LH,Labcorp Holdings Inc.,NYSE
LHX,L3Harris Technologies Inc.,NYSE
LI,Li Auto Inc.,NASDAQ
LICN,Lichen China Limited,NASDAQ
LICY,Li-Cycle Holdings Corp.,NYSE
LIDR,AEye Inc.,NASDAQ
LIF,Life360 Inc.,NASDAQ
LIFW,MSP Recovery Inc.,NASDAQ
LII,Lennox International Inc.,NYSE
LILA,Liberty Latin America Ltd.,NASDAQ
LILAK,Liberty Latin America Ltd.,NASDAQ
LILM,Lilium NV,NASDAQ
LIN,Linde plc,NASDAQ
LINC,Lincoln Educational Services Corporation,NASDAQ
LIND,Lindblad Expeditions Holdings Inc.,NASDAQ
LINE,Lineage Inc.,NASDAQ
LINK,Interlink Electronics Inc.,NASDAQ
LION,Lionsgate Studios Corp.,NASDAQ
LIPO,Lipella Pharmaceuticals Inc.,NASDAQ
LIQT,LiqTech International Inc.,NASDAQ
LITB,LightInTheBox Holding Co. Ltd.,NYSE
LITE,Lumentum Holdings Inc.,NASDAQ
LITM,Snow Lake Resources Ltd.,NASDAQ
LIVE,Live Ventures Incorporated,NASDAQ
LIVN,LivaNova PLC,NASDAQ
LIXT,Lixte Biotechnology Holdings Inc.,NASDAQ
LKCO,Luokung Technology Corp,NASDAQ
LKFN,Lakeland Financial Corporation,NASDAQ
LKQ,LKQ Corporation,NASDAQ
LLAP,Terran Orbital Corporation,NYSE
LLY,Eli Lilly and Company,NYSE
LLYVA,Liberty Media Corporation,NASDAQ
LLYVK,Liberty Media Corporation,NASDAQ
LMAT,LeMaitre Vascular Inc.,NASDAQ
LMB,Limbach Holdings Inc.,NASDAQ
LMND,Lemonade Inc.,NYSE
LMNR,Limoneira Co,NASDAQ
LMT,Lockheed Martin Corporation,NYSE
LNC,Lincoln National Corporation,NYSE
LND,Brasilagro Brazilian Agric Real Estate Co Sponsored,NYSE
LNG,Cheniere Energy Inc.,NYSE
LNKB,LINKBANCORP Inc.,NASDAQ
LNN,Lindsay Corporation,NYSE
LNSR,LENSAR Inc.,NASDAQ
LNT,Alliant Energy Corporation,NASDAQ
LNTH,Lantheus Holdings Inc.,NASDAQ
LNW,Light & Wonder Inc.,NASDAQ
LNZA,LanzaTech Global Inc.,NASDAQ
LOAN,Manhattan Bridge Capital Inc,NASDAQ
LOAR,Loar Holdings Inc.,NYSE
LOB,Live Oak Bancshares Inc.,NYSE
LOBO,LOBO EV TECHNOLOGIES LTD.,NASDAQ
LOCL,Local Bounti Corporation,NYSE
LOCO,El Pollo Loco Holdings Inc.,NASDAQ
LODE,Comstock Inc.,AMEX
LOGC,ContextLogic Inc.,NASDAQ
LOGI,Logitech International S.A.,NASDAQ
LOMA,Loma Negra Compania Industrial Argentina Sociedad Anonima,NYSE
LOOP,Loop Industries Inc.,NASDAQ
LOPE,Grand Canyon Education Inc.,NASDAQ
LOT,Lotus Technology Inc.,NASDAQ
LOVE,The Lovesac Company,NASDAQ
LOW,Lowe's Companies Inc.,NYSE
LPA,Logistic Properties of the Americas,AMEX
LPCN,Lipocine Inc.,NASDAQ
LPG,Dorian LPG Ltd.,NYSE
LPL,LG Display Co Ltd AMERICAN DEPOSITORY SHARES,NYSE
LPLA,LPL Financial Holdings Inc.,NASDAQ
LPRO,Open Lending Corporation,NASDAQ
LPSN,LivePerson Inc.,NASDAQ
LPTH,LightPath Technologies Inc.,NASDAQ
LPTX,Leap Therapeutics Inc.,NASDAQ
LPX,Louisiana-Pacific Corporation,NYSE
LQDA,Liquidia Corporation,NASDAQ
LQDT,Liquidity Services Inc.,NASDAQ
LQR,LQR House Inc.,NASDAQ
LRCX,Lam Research Corporation,NASDAQ
LRE,Lead Real Estate Co. Ltd,NASDAQ
LRFC,Logan Ridge Finance Corporation,NASDAQ
LRHC,La Rosa Holdings Corp.,NASDAQ
LRMR,Larimar Therapeutics Inc.,NASDAQ
LRN,Stride Inc.,NYSE
LSAK,Lesaka Technologies Inc.,NASDAQ
LSB,LakeShore Biopharma Co. Ltd,NASDAQ
LSBK,Lake Shore Bancorp Inc.,NASDAQ
LSCC,Lattice Semiconductor Corporation,NASDAQ
LSEA,Landsea Homes Corporation,NASDAQ
LSF,Laird Superfood Inc.,AMEX
LSH,Lakeside Holding Limited,NASDAQ
LSPD,Lightspeed Commerce Inc.,NYSE
LSTA,Lisata Therapeutics Inc.,NASDAQ
LSTR,Landstar System Inc.,NASDAQ
LSXMA,Liberty Media Corporation,NASDAQ
LSXMB,Liberty Media Corporation,NASDAQ
LSXMK,Liberty Media Corporation,NASDAQ
LTBR,Lightbridge Corporation,NASDAQ
LTC,LTC Properties Inc.,NYSE
LTH,Life Time Group Holdings Inc.,NYSE
LTM,LATAM Airlines Group S.A.,NYSE
LTRN,Lantern Pharma Inc.,NASDAQ
LTRX,Lantronix Inc.,NASDAQ
LTRY,Lottery.com Inc.,NASDAQ
LU,Lufax Holding Ltd,NYSE
LUCD,Lucid Diagnostics Inc.,NASDAQ
LUCY,Innovative Eyewear Inc.,NASDAQ
LULU,lululemon athletica inc.,NASDAQ
LUMN,Lumen Technologies Inc.,NYSE
LUMO,Lumos Pharma Inc.,NASDAQ
LUNA,Luna Innovations Incorporated,NASDAQ
LUNG,Pulmonx Corporation,NASDAQ
LUNR,Intuitive Machines Inc.,NASDAQ
LUV,Southwest Airlines Company,NYSE
LUXH,LuxUrban Hotels Inc.,NASDAQ
LVLU,Lulu's Fashion Lounge Holdings Inc.,NASDAQ
LVO,LiveOne Inc.,NASDAQ
LVRO,Lavoro Limited,NASDAQ
LVS,Las Vegas Sands Corp.,NYSE
LVTX,LAVA Therapeutics N.V.,NASDAQ
LVWR,LiveWire Group Inc.,NYSE
LW,Lamb Weston Holdings Inc.,NYSE
LWAY,Lifeway Foods Inc.,NASDAQ
LWLG,Lightwave Logic Inc.,NASDAQ
LX,LexinFintech Holdings Ltd.,NASDAQ
LXEH,Lixiang Education Holding Co. Ltd.,NASDAQ
LXEO,Lexeo Therapeutics Inc.,NASDAQ
LXFR,Luxfer Holdings PLC,AMEX
LXP,LXP Industrial Trust,NYSE
LXRX,Lexicon Pharmaceuticals Inc.,NASDAQ
LXU,LSB Industries Inc.,NYSE
LYB,LyondellBasell Industries NV,NYSE
LYEL,Lyell Immunopharma Inc.,NASDAQ
LYFT,Lyft Inc.,NASDAQ
LYG,Lloyds Banking Group Plc,NYSE
LYRA,Lyra Therapeutics Inc.,NASDAQ
LYT,Lytus Technologies Holdings PTV. Ltd.,NASDAQ
LYTS,LSI Industries Inc.,NASDAQ
LYV,Live Nation Entertainment Inc.,NYSE
LZ,LegalZoom.com Inc.,NASDAQ
LZB,La-Z-Boy Incorporated,NYSE
LZM,Lifezone Metals Limited,NYSE
M,Macy's Inc,NYSE
MA,Mastercard Incorporated,NYSE
MAA,Mid-America Apartment Communities Inc.,NYSE
MAC,Macerich Company (The),NYSE
MACI,Melar Acquisition Corp. I,NASDAQ
MAG,MAG Silver Corporation,AMEX
MAIA,MAIA Biotechnology Inc.,AMEX
MAIN,Main Street Capital Corporation,NYSE
MAMA,Mama's Creations Inc.,NASDAQ
MAMO,Massimo Group,NASDAQ
MAN,ManpowerGroup,NYSE
MANH,Manhattan Associates Inc.,NASDAQ
MANU,Manchester United Ltd.,NYSE
MAPS,WM Technology Inc.,NASDAQ
MAR,Marriott International,NASDAQ
MARA,Marathon Digital Holdings Inc.,NASDAQ
MARX,Mars Acquisition Corp.,NASDAQ
MAS,Masco Corporation,NYSE
MASI,Masimo Corporation,NASDAQ
MASS,908 Devices Inc.,NASDAQ
MAT,Mattel Inc.,NASDAQ
MATH,Metalpha Technology Holding Limited,NASDAQ
MATV,Mativ Holdings Inc.,NYSE
MATW,Matthews International Corporation,NASDAQ
MATX,Matson Inc.,NYSE
MAX,MediaAlpha Inc.,NYSE
MAXN,Maxeon Solar Technologies Ltd.,NASDAQ
MAYS,J. W. Mays Inc.,NASDAQ
MBC,MasterBrand Inc.,NYSE
MBCN,Middlefield Banc Corp.,NASDAQ
MBI,MBIA Inc.,NYSE
MBIN,Merchants Bancorp,NASDAQ
MBIO,Mustang Bio Inc.,NASDAQ
MBLY,Mobileye Global Inc.,NASDAQ
MBOT,Microbot Medical Inc.,NASDAQ
MBRX,Moleculin Biotech Inc.,NASDAQ
MBUU,Malibu Boats Inc.,NASDAQ
MBWM,Mercantile Bank Corporation,NASDAQ
MC,Moelis & Company,NYSE
MCAA,Mountain & Co. I Acquisition Corp.,NASDAQ
MCAG,Mountain Crest Acquisition Corp. V,NASDAQ
MCB,Metropolitan Bank Holding Corp.,NYSE
MCBS,MetroCity Bankshares Inc.,NASDAQ
MCD,McDonald's Corporation,NYSE
MCFT,MasterCraft Boat Holdings Inc.,NASDAQ
MCHP,Microchip Technology Incorporated,NASDAQ
MCHX,Marchex Inc.,NASDAQ
MCI,Barings Corporate Investors,NYSE
MCK,McKesson Corporation,NYSE
MCO,Moody's Corporation,NYSE
MCR,MFS Charter Income Trust,NYSE
MCRB,Seres Therapeutics Inc.,NASDAQ
MCRI,Monarch Casino & Resort Inc.,NASDAQ
MCS,Marcus Corporation (The),NYSE
MCVT,Mill City Ventures III Ltd.,NASDAQ
MCW,Mister Car Wash Inc.,NYSE
MCY,Mercury General Corporation,NYSE
MD,Pediatrix Medical Group Inc.,NYSE
MDAI,Spectral AI Inc.,NASDAQ
MDB,MongoDB Inc.,NASDAQ
MDBH,MDB Capital Holdings LLC,NASDAQ
MDGL,Madrigal Pharmaceuticals Inc.,NASDAQ
MDIA,Mediaco Holding Inc.,NASDAQ
MDJH,MDJM LTD,NASDAQ
MDLZ,Mondelez International Inc.,NASDAQ
MDRR,Medalist Diversified REIT Inc.,NASDAQ
MDT,Medtronic plc.,NYSE
MDU,MDU Resources Group Inc.,NYSE
MDV,Modiv Industrial Inc.,NYSE
MDWD,MediWound Ltd.,NASDAQ
MDXG,MiMedx Group Inc,NASDAQ
MDXH,MDxHealth SA,NASDAQ
ME,23andMe Holding Co.,NASDAQ
MEC,Mayville Engineering Company Inc.,NYSE
MED,MEDIFAST INC,NYSE
MEDP,Medpace Holdings Inc.,NASDAQ
MEDS,TRxADE HEALTH Inc.,NASDAQ
MEG,Montrose Environmental Group Inc.,NYSE
MEGL,Magic Empire Global Limited,NASDAQ
MEI,Methode Electronics Inc.,NYSE
MEIP,MEI Pharma Inc.,NASDAQ
MELI,MercadoLibre Inc.,NASDAQ
MEOH,Methanex Corporation,NASDAQ
MERC,Mercer International Inc.,NASDAQ
MESA,Mesa Air Group Inc.,NASDAQ
MESO,Mesoblast Limited,NASDAQ
MET,MetLife Inc.,NYSE
META,Meta Platforms Inc.,NASDAQ
METC,Ramaco Resources Inc.,NASDAQ
METCB,Ramaco Resources Inc.,NASDAQ
MFA,MFA Financial Inc.,NYSE
MFC,Manulife Financial Corporation,NYSE
MFD,Macquarie First Trust Global,NYSE
MFG,Mizuho Financial Group Inc. Sponosred,NYSE
MFH,Mercurity Fintech Holding Inc.,NASDAQ
MFI,mF International Limited,NASDAQ
MFIC,MidCap Financial Investment Corporation,NASDAQ
MFIN,Medallion Financial Corp.,NASDAQ
MG,Mistras Group Inc,NYSE
MGA,Magna International Inc.,NYSE
MGEE,MGE Energy Inc,NASDAQ
MGF,MFS Government Markets Income Trust,NYSE
MGIC,Magic Software Enterprises Ltd.,NASDAQ
MGIH,Millennium Group International Holdings Limited,NASDAQ
MGLD,The Marygold Companies Inc.,AMEX
MGM,MGM Resorts International,NYSE
MGNI,Magnite Inc.,NASDAQ
MGNX,MacroGenics Inc.,NASDAQ
MGOL,MGO Global Inc.,NASDAQ
MGPI,MGP Ingredients Inc.,NASDAQ
MGRC,McGrath RentCorp,NASDAQ
MGRM,Monogram Technologies Inc.,NASDAQ
MGRX,Mangoceuticals Inc.,NASDAQ
MGTX,MeiraGTx Holdings plc,NASDAQ
MGX,Metagenomi Inc.,NASDAQ
MGY,Magnolia Oil & Gas Corporation,NYSE
MGYR,Magyar Bancorp Inc.,NASDAQ
MHH,Mastech Digital Inc,AMEX
MHK,Mohawk Industries Inc.,NYSE
MHLD,Maiden Holdings Ltd.,NASDAQ
MHO,M/I Homes Inc.,NYSE
MHUA,Meihua International Medical Technologies Co. Ltd.,NASDAQ
MI,NFT Limited,AMEX
MICS,The Singing Machine Company Inc.,NASDAQ
MIDD,Middleby Corporation (The),NASDAQ
MIGI,Mawson Infrastructure Group Inc.,NASDAQ
MIN,MFS Intermediate Income Trust,NYSE
MIND,MIND Technology Inc.,NASDAQ
MIR,Mirion Technologies Inc.,NYSE
MIRA,MIRA Pharmaceuticals Inc.,NASDAQ
MIRM,Mirum Pharmaceuticals Inc.,NASDAQ
MIST,Milestone Pharmaceuticals Inc.,NASDAQ
MITA,Coliseum Acquisition Corp.,NASDAQ
MITK,Mitek Systems Inc.,NASDAQ
MITQ,Moving iMage Technologies Inc.,AMEX
MITT,AG Mortgage Investment Trust Inc.,NYSE
MKC,McCormick & Company Incorporated,NYSE
MKDW,MKDWELL Tech Inc.,NASDAQ
MKFG,Markforged Holding Corporation,NYSE
MKL,Markel Group Inc.,NYSE
MKSI,MKS Instruments Inc.,NASDAQ
MKTW,MarketWise Inc.,NASDAQ
MKTX,MarketAxess Holdings Inc.,NASDAQ
ML,MoneyLion Inc.,NYSE
MLAB,Mesa Laboratories Inc.,NASDAQ
MLCO,Melco Resorts & Entertainment Limited,NASDAQ
MLEC,Moolec Science SA,NASDAQ
MLGO,MicroAlgo Inc.,NASDAQ
MLI,Mueller Industries Inc.,NYSE
MLKN,MillerKnoll Inc.,NASDAQ
MLM,Martin Marietta Materials Inc.,NYSE
MLNK,MeridianLink Inc.,NYSE
MLP,Maui Land & Pineapple Company Inc.,NYSE
MLR,Miller Industries Inc.,NYSE
MLSS,Milestone Scientific Inc.,AMEX
MLTX,MoonLake Immunotherapeutics,NASDAQ
MLYS,Mineralys Therapeutics Inc.,NASDAQ
MMA,Alta Global Group Limited,AMEX
MMC,Marsh & McLennan Companies Inc.,NYSE
MMI,Marcus & Millichap Inc.,NYSE
MMLP,Martin Midstream Partners L.P. Limited Partnership,NASDAQ
MMM,3M Company,NYSE
MMS,Maximus Inc.,NYSE
MMSI,Merit Medical Systems Inc.,NASDAQ
MMT,MFS Multimarket Income Trust,NYSE
MMV,MultiMetaVerse Holdings Limited,NASDAQ
MMYT,MakeMyTrip Limited,NASDAQ
MNDO,MIND C.T.I. Ltd.,NASDAQ
MNDR,Mobile-health Network Solutions,NASDAQ
MNDY,monday.com Ltd.,NASDAQ
MNKD,MannKind Corporation,NASDAQ
MNMD,Mind Medicine (MindMed) Inc.,NASDAQ
MNOV,Medicinova Inc,NASDAQ
MNPR,Monopar Therapeutics Inc.,NASDAQ
MNRO,Monro Inc.,NASDAQ
MNSB,MainStreet Bancshares Inc.,NASDAQ
MNSO,MINISO Group Holding Limited,NYSE
MNST,Monster Beverage Corporation,NASDAQ
MNTK,Montauk Renewables Inc.,NASDAQ
MNTN,Everest Consolidator Acquisition Corporation,NYSE
MNTS,Momentus Inc.,NASDAQ
MNTX,Manitex International Inc.,NASDAQ
MNY,MoneyHero Limited,NASDAQ
MO,Altria Group Inc.,NYSE
MOB,Mobilicom Limited,NASDAQ
MOBX,Mobix Labs Inc.,NASDAQ
MOD,Modine Manufacturing Company,NYSE
MODD,Modular Medical Inc.,NASDAQ
MODG,Topgolf Callaway Brands Corp.,NYSE
MODV,ModivCare Inc.,NASDAQ
MOFG,MidWestOne Financial Gp,NASDAQ
MOGO,Mogo Inc.,NASDAQ
MOGU,MOGU Inc.,NYSE
MOH,Molina Healthcare Inc,NYSE
MOLN,Molecular Partners AG,NASDAQ
MOMO,Hello Group Inc.,NASDAQ
MOND,Mondee Holdings Inc.,NASDAQ
MORN,Morningstar Inc.,NASDAQ
MOS,Mosaic Company (The),NYSE
MOV,Movado Group Inc.,NYSE
MOVE,Movano Inc.,NASDAQ
MP,MP Materials Corp.,NYSE
MPAA,Motorcar Parts  of America Inc.,NASDAQ
MPB,Mid Penn Bancorp,NASDAQ
MPC,Marathon Petroleum Corporation,NYSE
MPLN,MultiPlan Corporation,NYSE
MPTI,M-tron Industries Inc.,AMEX
MPU,Mega Matrix Corp.,AMEX
MPV,Barings Participation Investors,NYSE
MPW,Medical Properties Trust Inc.,NYSE
MPWR,Monolithic Power Systems Inc.,NASDAQ
MPX,Marine Products Corporation,NYSE
MQ,Marqeta Inc.,NASDAQ
MRAM,Everspin Technologies Inc.,NASDAQ
MRBK,Meridian Corporation,NASDAQ
MRC,MRC Global Inc.,NYSE
MRCC,Monroe Capital Corporation,NASDAQ
MRCY,Mercury Systems Inc,NASDAQ
MRDB,MariaDB plc,NYSE
MREO,Mereo BioPharma Group plc,NASDAQ
MRIN,Marin Software Incorporated,NASDAQ
MRK,Merck & Company Inc.,NYSE
MRKR,Marker Therapeutics Inc.,NASDAQ
MRM,MEDIROM Healthcare Technologies Inc.,NASDAQ
MRNA,Moderna Inc.,NASDAQ
MRNO,Murano Global Investments PLC,NASDAQ
MRNS,Marinus Pharmaceuticals Inc.,NASDAQ
MRO,Marathon Oil Corporation,NYSE
MRSN,Mersana Therapeutics Inc.,NASDAQ
MRT,Marti Technologies Inc.,AMEX
MRTN,Marten Transport Ltd.,NASDAQ
MRUS,Merus N.V.,NASDAQ
MRVI,Maravai LifeSciences Holdings Inc.,NASDAQ
MRVL,Marvell Technology Inc.,NASDAQ
MRX,Marex Group plc,NASDAQ
MS,Morgan Stanley,NYSE
MS.F,Morgan Stanley,NYSE
MSA,MSA Safety Incorporated,NYSE
MSAI,MultiSensor AI Holdings Inc.,NASDAQ
MSB,Mesabi Trust,NYSE
MSBI,Midland States Bancorp Inc.,NASDAQ
MSC,Studio City International Holdings Limited,NYSE
MSCI,MSCI Inc.,NYSE
MSEX,Middlesex Water Company,NASDAQ
MSFT,Microsoft Corporation,NASDAQ
MSGE,Madison Square Garden Entertainment Corp.,NYSE
MSGM,Motorsport Games Inc.,NASDAQ
MSGS,Madison Square Garden Sports Corp.,NYSE
MSI,Motorola Solutions Inc.,NYSE
MSM,MSC Industrial Direct Company Inc.,NYSE
MSN,Emerson Radio Corporation,AMEX
MSS,Maison Solutions Inc.,NASDAQ
MSSA,Metal Sky Star Acquisition Corporation,NASDAQ
MSTR,MicroStrategy Incorporated,NASDAQ
MT,Arcelor Mittal NY Registry,NYSE
MTA,Metalla Royalty & Streaming Ltd.,AMEX
MTAL,Metals Acquisition Limited,NYSE
MTB,M&T Bank Corporation,NYSE
MTC,MMTec Inc.,NASDAQ
MTCH,Match Group Inc.,NASDAQ
MTD,Mettler-Toledo International Inc.,NYSE
MTDR,Matador Resources Company,NYSE
MTEK,Maris-Tech Ltd.,NASDAQ
MTEM,Molecular Templates Inc.,NASDAQ
MTEN,Mingteng International Corporation Inc.,NASDAQ
MTEX,Mannatech Incorporated,NASDAQ
MTG,MGIC Investment Corporation,NYSE
MTH,Meritage Homes Corporation,NYSE
MTLS,Materialise NV,NASDAQ
MTN,Vail Resorts Inc.,NYSE
MTNB,Matinas Biopharma Holdings Inc.,AMEX
MTR,Mesa Royalty Trust,NYSE
MTRN,Materion Corporation,NYSE
MTRX,Matrix Service Company,NASDAQ
MTSI,MACOM Technology Solutions Holdings Inc.,NASDAQ
MTTR,Matterport Inc.,NASDAQ
MTUS,Metallus Inc.,NYSE
MTW,Manitowoc Company Inc. (The),NYSE
MTX,Minerals Technologies Inc.,NYSE
MTZ,MasTec Inc.,NYSE
MU,Micron Technology Inc.,NASDAQ
MUFG,Mitsubishi UFJ Financial Group Inc.,NYSE
MULN,Mullen Automotive Inc.,NASDAQ
MUR,Murphy Oil Corporation,NYSE
MURA,Mural Oncology plc,NASDAQ
MUSA,Murphy USA Inc.,NYSE
MUX,McEwen Mining Inc.,NYSE
MVBF,MVB Financial Corp.,NASDAQ
MVIS,MicroVision Inc.,NASDAQ
MVST,Microvast Holdings Inc.,NASDAQ
MWA,MUELLER WATER PRODUCTS,NYSE
MWG,Multi Ways Holdings Limited,AMEX
MX,Magnachip Semiconductor Corporation,NYSE
MXC,Mexco Energy Corporation,AMEX
MXCT,MaxCyte Inc.,NASDAQ
MXL,MaxLinear Inc.,NASDAQ
MYE,Myers Industries Inc.,NYSE
MYFW,First Western Financial Inc.,NASDAQ
MYGN,Myriad Genetics Inc.,NASDAQ
MYNA,Mynaric AG,NASDAQ
MYND,Mynd.ai Inc.,AMEX
MYNZ,Mainz Biomed N.V.,NASDAQ
MYO,Myomo Inc.,AMEX
MYPS,PLAYSTUDIOS Inc. ,NASDAQ
MYRG,MYR Group Inc.,NASDAQ
MYSZ,My Size Inc.,NASDAQ
MYTE,MYT Netherlands Parent B.V.,NYSE
NA,Nano Labs Ltd,NASDAQ
NAAS,NaaS Technology Inc.,NASDAQ
NABL,N-able Inc.,NYSE
NAII,Natural Alternatives International Inc.,NASDAQ
NAK,Northern Dynasty Minerals Ltd.,AMEX
NAMS,NewAmsterdam Pharma Company N.V.,NASDAQ
NAOV,NanoVibronix Inc.,NASDAQ
NAPA,The Duckhorn Portfolio Inc.,NYSE
NARI,Inari Medical Inc.,NASDAQ
NAT,Nordic American Tankers Limited,NYSE
NATH,Nathan's Famous Inc.,NASDAQ
NATL,NCR Atleos Corporation,NYSE
NATR,Nature's Sunshine Products Inc.,NASDAQ
NAUT,Nautilus Biotechnolgy Inc.,NASDAQ
NAVI,Navient Corporation,NASDAQ
NB,NioCorp Developments Ltd.,NASDAQ
NBBK,NB Bancorp Inc.,NASDAQ
NBHC,National Bank Holdings Corporation,NYSE
NBIX,Neurocrine Biosciences Inc.,NASDAQ
NBN,Northeast Bank,NASDAQ
NBR,Nabors Industries Ltd.,NYSE
NBST,Newbury Street Acquisition Corporation,NASDAQ
NBTB,NBT Bancorp Inc.,NASDAQ
NBTX,Nanobiotix S.A.,NASDAQ
NBY,NovaBay Pharmaceuticals Inc.,AMEX
NC,NACCO Industries Inc.,NYSE
NCDL,Nuveen Churchill Direct Lending Corp.,NYSE
NCI,Neo-Concept International Group Holdings Limited,NASDAQ
NCL,Northann Corp.,AMEX
NCLH,Norwegian Cruise Line Holdings Ltd.,NYSE
NCMI,National CineMedia Inc.,NASDAQ
NCNA,NuCana plc,NASDAQ
NCNC,noco-noco Inc.,NASDAQ
NCNO,nCino Inc.,NASDAQ
NCPL,Netcapital Inc.,NASDAQ
NCRA,Nocera Inc.,NASDAQ
NCSM,NCS Multistage Holdings Inc.,NASDAQ
NCTY,The9 Limited,NASDAQ
NDAQ,Nasdaq Inc.,NASDAQ
NDLS,Noodles & Company,NASDAQ
NDRA,ENDRA Life Sciences Inc.,NASDAQ
NDSN,Nordson Corporation,NASDAQ
NE,Noble Corporation plc A,NYSE
NECB,NorthEast Community Bancorp Inc.,NASDAQ
NEE,NextEra Energy Inc.,NYSE
NEGG,Newegg Commerce Inc.,NASDAQ
NEM,Newmont Corporation,NYSE
NEO,NeoGenomics Inc.,NASDAQ
NEOG,Neogen Corporation,NASDAQ
NEON,Neonode Inc.,NASDAQ
NEOV,NeoVolta Inc.,NASDAQ
NEPH,Nephros Inc.,NASDAQ
NERV,Minerva Neurosciences Inc,NASDAQ
NET,Cloudflare Inc.,NYSE
NETD,Nabors Energy Transition Corp. II,NASDAQ
NEU,NewMarket Corp,NYSE
NEUE,NeueHealth Inc.,NYSE
NEWP,New Pacific Metals Corp.,AMEX
NEWT,NewtekOne Inc.,NASDAQ
NEXA,Nexa Resources S.A.,NYSE
NEXN,Nexxen International Ltd.,NASDAQ
NEXT,NextDecade Corporation,NASDAQ
NFBK,Northfield Bancorp Inc.,NASDAQ
NFE,New Fortress Energy Inc.,NASDAQ
NFG,National Fuel Gas Company,NYSE
NFGC,New Found Gold Corp,AMEX
NFLX,Netflix Inc.,NASDAQ
NG,Novagold Resources Inc.,AMEX
NGD,New Gold Inc.,AMEX
NGG,National Grid Transco PLC National Grid PLC,NYSE
NGNE,Neurogene Inc.,NASDAQ
NGS,Natural Gas Services Group Inc.,NYSE
NGVC,Natural Grocers by Vitamin Cottage Inc.,NYSE
NGVT,Ingevity Corporation,NYSE
NHC,National HealthCare Corporation,AMEX
NHI,National Health Investors Inc.,NYSE
NHTC,Natural Health Trends Corp.,NASDAQ
NI,NiSource Inc,NYSE
NIC,Nicolet Bankshares Inc.,NYSE
NICE,NICE Ltd,NASDAQ
NICK,Nicholas Financial Inc.,NASDAQ
NINE,Nine Energy Service Inc.,NYSE
NIO,NIO Inc.,NYSE
NIPG,NIP Group Inc.,NASDAQ
NISN,NiSun International Enterprise Development Group Co. Ltd.,NASDAQ
NITO,N2OFF Inc.,NASDAQ
NIU,Niu Technologies,NASDAQ
NIVF,NewGenIvf Group Limited,NASDAQ
NJR,NewJersey Resources Corporation,NYSE
NKE,Nike Inc.,NYSE
NKGN,NKGen Biotech Inc.,NASDAQ
NKLA,Nikola Corporation,NASDAQ
NKSH,National Bankshares Inc.,NASDAQ
NKTR,Nektar Therapeutics ,NASDAQ
NKTX,Nkarta Inc.,NASDAQ
NL,NL Industries Inc.,NYSE
NLOP,Net Lease Office Properties,NYSE
NLSP,NLS Pharmaceutics Ltd.,NASDAQ
NLY,Annaly Capital Management Inc.,NYSE
NMFC,New Mountain Finance Corporation,NASDAQ
NMG,Nouveau Monde Graphite Inc.,NYSE
NMHI,Nature's Miracle Holding Inc.,NASDAQ
NMIH,NMI Holdings Inc.,NASDAQ
NMR,Nomura Holdings Inc,NYSE
NMRA,Neumora Therapeutics Inc.,NASDAQ
NMRK,Newmark Group Inc.,NASDAQ
NMTC,NeuroOne Medical Technologies Corporation,NASDAQ
NN,NextNav Inc.,NASDAQ
NNAG,99 Acquisition Group Inc.,NASDAQ
NNBR,NN Inc.,NASDAQ
NNDM,Nano Dimension Ltd.,NASDAQ
NNE,Nano Nuclear Energy Inc.,NASDAQ
NNI,Nelnet Inc.,NYSE
NNN,NNN REIT Inc.,NYSE
NNOX,NANO-X IMAGING LTD,NASDAQ
NNVC,NanoViricides Inc.,AMEX
NOA,North American Construction Group Ltd.,NYSE
NOAH,Noah Holdings Limited,NYSE
NOC,Northrop Grumman Corporation,NYSE
NODK,NI Holdings Inc.,NASDAQ
NOG,Northern Oil and Gas Inc.,NYSE
NOK,Nokia Corporation Sponsored,NYSE
NOMD,Nomad Foods Limited,NYSE
NOTE,FiscalNote Holdings Inc.,NYSE
NOTV,Inotiv Inc.,NASDAQ
NOV,NOV Inc.,NYSE
NOVA,Sunnova Energy International Inc.,NYSE
NOVT,Novanta Inc.,NASDAQ
NOVV,Nova Vision Acquisition Corp.,NASDAQ
NOW,ServiceNow Inc.,NYSE
NPAB,New Providence Acquisition Corp. II,NASDAQ
NPCE,Neuropace Inc.,NASDAQ
NPK,National Presto Industries Inc.,NYSE
NPO,Enpro Inc.,NYSE
NPWR,NET Power Inc.,NYSE
NR,Newpark Resources Inc.,NYSE
NRBO,NeuroBo Pharmaceuticals Inc.,NASDAQ
NRC,National Research Corporation,NASDAQ
NRDS,NerdWallet Inc.,NASDAQ
NRDY,Nerdy Inc.,NYSE
NREF,NexPoint Real Estate Finance Inc.,NYSE
NRG,NRG Energy Inc.,NYSE
NRGV,Energy Vault Holdings Inc.,NYSE
NRIM,Northrim BanCorp Inc,NASDAQ
NRIX,Nurix Therapeutics Inc.,NASDAQ
NRP,Natural Resource Partners LP Limited Partnership,NYSE
NRSN,NeuroSense Therapeutics Ltd.,NASDAQ
NRT,North European Oil Royality Trust,NYSE
NRXP,NRX Pharmaceuticals Inc.,NASDAQ
NRXS,Neuraxis Inc.,AMEX
NSA,National Storage Affiliates Trust,NYSE
NSC,Norfolk Southern Corporation,NYSE
NSIT,Insight Enterprises Inc.,NASDAQ
NSP,Insperity Inc.,NYSE
NSPR,InspireMD Inc.,NASDAQ
NSSC,NAPCO Security Technologies Inc.,NASDAQ
NSTS,NSTS Bancorp Inc.,NASDAQ
NSYS,Nortech Systems Incorporated,NASDAQ
NTAP,NetApp Inc.,NASDAQ
NTB,Bank of N.T. Butterfield & Son Limited (The) Voting,NYSE
NTBL,Notable Labs Ltd.,NASDAQ
NTCT,NetScout Systems Inc.,NASDAQ
NTES,NetEase Inc.,NASDAQ
NTGR,NETGEAR Inc.,NASDAQ
NTIC,Northern Technologies International Corporation,NASDAQ
NTIP,Network-1 Technologies Inc.,AMEX
NTLA,Intellia Therapeutics Inc.,NASDAQ
NTNX,Nutanix Inc.,NASDAQ
NTR,Nutrien Ltd.,NYSE
NTRA,Natera Inc.,NASDAQ
NTRB,Nutriband Inc.,NASDAQ
NTRP,NextTrip Inc.,NASDAQ
NTRS,Northern Trust Corporation,NASDAQ
NTST,NetSTREIT Corp.,NYSE
NTWK,NetSol Technologies Inc.,NASDAQ
NTZ,Natuzzi S.p.A.,NYSE
NU,Nu Holdings Ltd.,NYSE
NUE,Nucor Corporation,NYSE
NUKK,Nukkleus Inc.,NASDAQ
NURO,NeuroMetrix Inc.,NASDAQ
NUS,Nu Skin Enterprises Inc.,NYSE
NUTX,Nutex Health Inc.,NASDAQ
NUVB,Nuvation Bio Inc.,NYSE
NUVL,Nuvalent Inc.,NASDAQ
NUVO,Holdco Nuvo Group D.G Ltd.,NASDAQ
NUWE,Nuwellis Inc.,NASDAQ
NUZE,NuZee Inc.,NASDAQ
NVA,Nova Minerals Limited,NASDAQ
NVAC,NorthView Acquisition Corporation,NASDAQ
NVAX,Novavax Inc.,NASDAQ
NVCR,NovoCure Limited,NASDAQ
NVCT,Nuvectis Pharma Inc.,NASDAQ
NVDA,NVIDIA Corporation,NASDAQ
NVEC,NVE Corporation,NASDAQ
NVEE,NV5 Global Inc.,NASDAQ
NVEI,Nuvei Corporation,NASDAQ
NVFY,Nova Lifestyle Inc.,NASDAQ
NVGS,Navigator Holdings Ltd.,NYSE
NVMI,Nova Ltd.,NASDAQ
NVNI,Nvni Group Limited,NASDAQ
NVNO,enVVeno Medical Corporation,NASDAQ
NVO,Novo Nordisk A/S,NYSE
NVOS,Novo Integrated Sciences Inc.,NASDAQ
NVR,NVR Inc.,NYSE
NVRI,Enviri Corporation,NYSE
NVRO,Nevro Corp.,NYSE
NVS,Novartis AG,NYSE
NVST,Envista Holdings Corporation,NYSE
NVT,nVent Electric plc,NYSE
NVTS,Navitas Semiconductor Corporation,NASDAQ
NVVE,Nuvve Holding Corp.,NASDAQ
NVX,NOVONIX Limited,NASDAQ
NWBI,Northwest Bancshares Inc.,NASDAQ
NWE,NorthWestern Energy Group Inc.,NASDAQ
NWFL,Norwood Financial Corp.,NASDAQ
NWG,NatWest Group plc,NYSE
NWGL,Nature Wood Group Limited,NASDAQ
NWL,Newell Brands Inc.,NASDAQ
NWN,Northwest Natural Holding Company,NYSE
NWPX,Northwest Pipe Company,NASDAQ
NWS,News Corporation,NASDAQ
NWSA,News Corporation,NASDAQ
NWTN,NWTN Inc.,NASDAQ
NX,Quanex Building Products Corporation,NYSE
NXC,Nuveen California Select Tax-Free Income Portfolio,NYSE
NXDT,NexPoint Diversified Real Estate Trust,NYSE
NXE,Nexgen Energy Ltd.,NYSE
NXGL,NexGel Inc,NASDAQ
NXL,Nexalin Technology Inc.,NASDAQ
NXN,Nuveen New York Select Tax-Free Income Portfolio,NYSE
NXP,Nuveen Select Tax Free Income Portfolio,NYSE
NXPI,NXP Semiconductors N.V.,NASDAQ
NXPL,NextPlat Corp,NASDAQ
NXRT,NexPoint Residential Trust Inc.,NYSE
NXST,Nexstar Media Group Inc.,NASDAQ
NXT,Nextracker Inc.,NASDAQ
NXTC,NextCure Inc.,NASDAQ
NXTT,Next Technology Holding Inc.,NASDAQ
NXU,Nxu Inc.,NASDAQ
NYAX,Nayax Ltd.,NASDAQ
NYC,American Strategic Investment Co.,NYSE
NYCB,New York Community Bancorp Inc.,NYSE
NYMT,New York Mortgage Trust Inc.,NASDAQ
NYT,New York Times Company (The),NYSE
NYXH,Nyxoah SA,NASDAQ
O,Realty Income Corporation,NYSE
OABI,OmniAb Inc.,NASDAQ
OAKU,Oak Woods Acquisition Corporation,NASDAQ
OB,Outbrain Inc.,NASDAQ
OBDC,Blue Owl Capital Corporation,NYSE
OBDE,Blue Owl Capital Corporation III,NYSE
OBE,Obsidian Energy Ltd.,AMEX
OBIO,Orchestra BioMed Holdings Inc.,NASDAQ
OBK,Origin Bancorp Inc.,NYSE
OBLG,Oblong Inc.,NASDAQ
OBT,Orange County Bancorp Inc.,NASDAQ
OC,Owens Corning Inc,NYSE
OCC,Optical Cable Corporation,NASDAQ
OCCI,OFS Credit Company Inc.,NASDAQ
OCEA,Ocean Biomedical Inc.,NASDAQ
OCFC,OceanFirst Financial Corp.,NASDAQ
OCFT,OneConnect Financial Technology Co. Ltd.,NYSE
OCG,Oriental Culture Holding LTD,NASDAQ
OCGN,Ocugen Inc.,NASDAQ
OCS,Oculis Holding AG,NASDAQ
OCSL,Oaktree Specialty Lending Corporation,NASDAQ
OCTO,Eightco Holdings Inc.,NASDAQ
OCUL,Ocular Therapeutix Inc.,NASDAQ
OCUP,Ocuphire Pharma Inc.,NASDAQ
OCX,Oncocyte Corporation,NASDAQ
ODC,Oil-Dri Corporation Of America,NYSE
ODD,ODDITY Tech Ltd.,NASDAQ
ODFL,Old Dominion Freight Line Inc.,NASDAQ
ODP,The ODP Corporation,NASDAQ
ODV,Osisko Development Corp.,NYSE
OEC,Orion S.A.,NYSE
OESX,Orion Energy Systems Inc.,NASDAQ
OFG,OFG Bancorp,NYSE
OFIX,Orthofix Medical Inc.,NASDAQ
OFLX,Omega Flex Inc.,NASDAQ
OFS,OFS Capital Corporation,NASDAQ
OGE,OGE Energy Corp,NYSE
OGEN,Oragenics Inc.,AMEX
OGI,Organigram Holdings Inc.,NASDAQ
OGN,Organon & Co.,NYSE
OGS,ONE Gas Inc.,NYSE
OHI,Omega Healthcare Investors Inc.,NYSE
OI,O-I Glass Inc.,NYSE
OII,Oceaneering International Inc.,NYSE
OIS,Oil States International Inc.,NYSE
OKE,ONEOK Inc.,NYSE
OKLO,Oklo Inc.,NYSE
OKTA,Okta Inc.,NASDAQ
OKYO,OKYO Pharma Limited,NASDAQ
OLB,The OLB Group Inc.,NASDAQ
OLED,Universal Display Corporation,NASDAQ
OLLI,Ollie's Bargain Outlet Holdings Inc.,NASDAQ
OLMA,Olema Pharmaceuticals Inc.,NASDAQ
OLN,Olin Corporation,NYSE
OLO,Olo Inc.,NYSE
OLP,One Liberty Properties Inc.,NYSE
OLPX,Olaplex Holdings Inc.,NASDAQ
OM,Outset Medical Inc.,NASDAQ
OMAB,Grupo Aeroportuario del Centro Norte S.A.B. de C.V.,NASDAQ
OMC,Omnicom Group Inc.,NYSE
OMCL,Omnicell Inc.,NASDAQ
OMER,Omeros Corporation,NASDAQ
OMEX,Odyssey Marine Exploration Inc.,NASDAQ
OMF,OneMain Holdings Inc.,NYSE
OMGA,Omega Therapeutics Inc.,NASDAQ
OMH,Ohmyhome Limited,NASDAQ
OMI,Owens & Minor Inc.,NYSE
OMIC,Singular Genomics Systems Inc.,NASDAQ
ON,ON Semiconductor Corporation,NASDAQ
ONB,Old National Bancorp,NASDAQ
ONCO,Onconetix Inc.,NASDAQ
ONCT,Oncternal Therapeutics Inc.,NASDAQ
ONCY,Oncolytics Biotech Inc.,NASDAQ
ONDS,Ondas Holdings Inc.,NASDAQ
ONEW,OneWater Marine Inc.,NASDAQ
ONFO,Onfolio Holdings Inc.,NASDAQ
ONIT,Onity Group Inc.,NYSE
ONL,Orion Office REIT Inc.,NYSE
ONMD,OneMedNet Corp,NASDAQ
ONON,On Holding AG,NYSE
ONTF,ON24 Inc.,NYSE
ONTO,Onto Innovation Inc.,NYSE
ONVO,Organovo Holdings Inc.,NASDAQ
ONYX,Onyx Acquisition Co. I,NASDAQ
OOMA,Ooma Inc.,NYSE
OP,OceanPal Inc.,NASDAQ
OPAD,Offerpad Solutions Inc.,NYSE
OPAL,OPAL Fuels Inc.,NASDAQ
OPBK,OP Bancorp,NASDAQ
OPCH,Option Care Health Inc.,NASDAQ
OPEN,Opendoor Technologies Inc,NASDAQ
OPFI,OppFi Inc.,NYSE
OPHC,OptimumBank Holdings Inc.,NASDAQ
OPI,Office Properties Income Trust,NASDAQ
OPK,OPKO Health Inc.,NASDAQ
OPOF,Old Point Financial Corporation,NASDAQ
OPRA,Opera Limited,NASDAQ
OPRT,Oportun Financial Corporation,NASDAQ
OPRX,OptimizeRx Corporation,NASDAQ
OPT,Opthea Limited,NASDAQ
OPTN,OptiNose Inc.,NASDAQ
OPTT,Ocean Power Technologies Inc.,AMEX
OPTX,Syntec Optics Holdings Inc.,NASDAQ
OPXS,Optex Systems Holdings Inc.,NASDAQ
OPY,Oppenheimer Holdings Inc.,NYSE
OR,Osisko Gold Royalties Ltd,NYSE
ORA,Ormat Technologies Inc.,NYSE
ORAN,Orange,NYSE
ORC,Orchid Island Capital Inc.,NYSE
ORCL,Oracle Corporation,NYSE
ORGN,Origin Materials Inc.,NASDAQ
ORGO,Organogenesis Holdings Inc.,NASDAQ
ORGS,Orgenesis Inc.,NASDAQ
ORI,Old Republic International Corporation,NYSE
ORIC,Oric Pharmaceuticals Inc.,NASDAQ
ORKT,Orangekloud Technology Inc.,NASDAQ
ORLA,Orla Mining Ltd.,AMEX
ORLY,O'Reilly Automotive Inc.,NASDAQ
ORMP,Oramed Pharmaceuticals Inc.,NASDAQ
ORN,Orion Group Holdings Inc.,NYSE
ORRF,Orrstown Financial Services Inc,NASDAQ
OS,OneStream Inc.,NASDAQ
OSBC,Old Second Bancorp Inc.,NASDAQ
OSCR,Oscar Health Inc.,NYSE
OSIS,OSI Systems Inc.,NASDAQ
OSK,Oshkosh Corporation (Holding Company)Common Stock,NYSE
OSPN,OneSpan Inc.,NASDAQ
OSS,One Stop Systems Inc.,NASDAQ
OST,Ostin Technology Group Co. Ltd.,NASDAQ
OSTX,OS Therapies Incorporated,AMEX
OSUR,OraSure Technologies Inc.,NASDAQ
OSW,OneSpaWorld Holdings Limited,NASDAQ
OTEX,Open Text Corporation,NASDAQ
OTIS,Otis Worldwide Corporation,NYSE
OTLK,Outlook Therapeutics Inc.,NASDAQ
OTLY,Oatly Group AB,NASDAQ
OTRK,Ontrak Inc.,NASDAQ
OTTR,Otter Tail Corporation,NASDAQ
OUST,Ouster Inc.,NYSE
OUT,OUTFRONT Media Inc.,NYSE
OVBC,Ohio Valley Banc Corp.,NASDAQ
OVID,Ovid Therapeutics Inc.,NASDAQ
OVLY,Oak Valley Bancorp (CA),NASDAQ
OVV,Ovintiv Inc. (DE),NYSE
OWL,Blue Owl Capital Inc.,NYSE
OWLT,Owlet Inc.,NYSE
OXBR,Oxbridge Re Holdings Limited,NASDAQ
OXLC,Oxford Lane Capital Corp.,NASDAQ
OXM,Oxford Industries Inc.,NYSE
OXSQ,Oxford Square Capital Corp.,NASDAQ
OXY,Occidental Petroleum Corporation,NYSE
OZK,Bank OZK,NASDAQ
PAAS,Pan American Silver Corp.,NYSE
PACB,Pacific Biosciences of California Inc.,NASDAQ
PACK,Ranpak Holdings Corp,NYSE
PACS,PACS Group Inc.,NYSE
PAG,Penske Automotive Group Inc.,NYSE
PAGS,PagSeguro Digital Ltd.,NYSE
PAHC,Phibro Animal Health Corporation,NASDAQ
PAL,Proficient Auto Logistics Inc.,NASDAQ
PALI,Palisade Bio Inc.,NASDAQ
PALT,Paltalk Inc.,NASDAQ
PAM,Pampa Energia S.A.,NYSE
PANL,Pangaea Logistics Solutions Ltd.,NASDAQ
PANW,Palo Alto Networks Inc.,NASDAQ
PAPL,Pineapple Financial Inc.,AMEX
PAR,PAR Technology Corporation,NYSE
PARA,Paramount Global,NASDAQ
PARAA,Paramount Global,NASDAQ
PARR,Par Pacific Holdings Inc. ,NYSE
PASG,Passage Bio Inc.,NASDAQ
PATH,UiPath Inc.,NYSE
PATK,Patrick Industries Inc.,NASDAQ
PAVM,PAVmed Inc.,NASDAQ
PAVS,Paranovus Entertainment Technology Ltd.,NASDAQ
PAX,Patria Investments Limited,NASDAQ
PAY,Paymentus Holdings Inc.,NYSE
PAYC,Paycom Software Inc.,NYSE
PAYO,Payoneer Global Inc.,NASDAQ
PAYS,Paysign Inc.,NASDAQ
PAYX,Paychex Inc.,NASDAQ
PB,Prosperity Bancshares Inc.,NYSE
PBA,Pembina Pipeline Corp.,NYSE
PBBK,PB Bankshares Inc.,NASDAQ
PBF,PBF Energy Inc.,NYSE
PBFS,Pioneer Bancorp Inc.,NASDAQ
PBH,Prestige Consumer Healthcare Inc.,NYSE
PBHC,Pathfinder Bancorp Inc.,NASDAQ
PBI,Pitney Bowes Inc.,NYSE
PBM,Psyence Biomedical Ltd.,NASDAQ
PBPB,Potbelly Corporation,NASDAQ
PBR,Petroleo Brasileiro S.A.- Petrobras,NYSE
PBT,Permian Basin Royalty Trust,NYSE
PBYI,Puma Biotechnology Inc,NASDAQ
PCAR,PACCAR Inc.,NASDAQ
PCB,PCB Bancorp,NASDAQ
PCG,Pacific Gas & Electric Co.,NYSE
PCH,PotlatchDeltic Corporation,NASDAQ
PCOR,Procore Technologies Inc.,NYSE
PCRX,Pacira BioSciences Inc.,NASDAQ
PCSA,Processa Pharmaceuticals Inc.,NASDAQ
PCSC,Perceptive Capital Solutions Corp,NASDAQ
PCT,PureCycle Technologies Inc.,NASDAQ
PCTY,Paylocity Holding Corporation,NASDAQ
PCVX,Vaxcyte Inc.,NASDAQ
PCYO,Pure Cycle Corporation,NASDAQ
PD,PagerDuty Inc.,NYSE
PDCC,Pearl Diver Credit Company Inc.,NYSE
PDCO,Patterson Companies Inc.,NASDAQ
PDD,PDD Holdings Inc.,NASDAQ
PDEX,Pro-Dex Inc.,NASDAQ
PDFS,PDF Solutions Inc.,NASDAQ
PDLB,Ponce Financial Group Inc.,NASDAQ
PDM,Piedmont Office Realty Trust Inc.,NYSE
PDS,Precision Drilling Corporation,NYSE
PDSB,PDS Biotechnology Corporation,NASDAQ
PDYN,Palladyne AI Corp.,NASDAQ
PEB,Pebblebrook Hotel Trust,NYSE
PEBK,Peoples Bancorp of North Carolina Inc.,NASDAQ
PEBO,Peoples Bancorp Inc.,NASDAQ
PECO,Phillips Edison & Company Inc.,NASDAQ
PED,Pedevco Corp.,AMEX
PEG,Public Service Enterprise Group Incorporated,NYSE
PEGA,Pegasystems Inc.,NASDAQ
PEGY,Pineapple Energy Inc.,NASDAQ
PEN,Penumbra Inc.,NYSE
PENN,PENN Entertainment Inc.,NASDAQ
PEP,PepsiCo Inc.,NASDAQ
PEPG,PepGen Inc.,NASDAQ
PERF,Perfect Corp.,NYSE
PERI,Perion Network Ltd.,NASDAQ
PESI,Perma-Fix Environmental Services Inc.,NASDAQ
PET,Wag! Group Co.,NASDAQ
PETQ,PetIQ Inc.,NASDAQ
PETS,PetMed Express Inc.,NASDAQ
PETZ,TDH Holdings Inc.,NASDAQ
PEV,Phoenix Motor Inc.,NASDAQ
PFBC,Preferred Bank,NASDAQ
PFC,Premier Financial Corp.,NASDAQ
PFE,Pfizer Inc.,NYSE
PFG,Principal Financial Group Inc,NASDAQ
PFGC,Performance Food Group Company,NYSE
PFIE,Profire Energy Inc.,NASDAQ
PFIS,Peoples Financial Services Corp.,NASDAQ
PFLT,PennantPark Floating Rate Capital Ltd.,NYSE
PFMT,Performant Financial Corporation,NASDAQ
PFS,Provident Financial Services Inc,NYSE
PFSI,PennyMac Financial Services Inc.,NYSE
PFTA,Perception Capital Corp. III,NASDAQ
PFX,PhenixFIN Corporation,NASDAQ
PG,Procter & Gamble Company (The),NYSE
PGC,Peapack-Gladstone Financial Corporation,NASDAQ
PGEN,Precigen Inc.,NASDAQ
PGHL,Primega Group Holdings Limited,NASDAQ
PGNY,Progyny Inc.,NASDAQ
PGR,Progressive Corporation (The),NYSE
PGRE,Paramount Group Inc.,NYSE
PGRU,PropertyGuru Group Limited,NYSE
PGY,Pagaya Technologies Ltd.,NASDAQ
PH,Parker-Hannifin Corporation,NYSE
PHAR,Pharming Group N.V.,NASDAQ
PHAT,Phathom Pharmaceuticals Inc.,NASDAQ
PHG,Koninklijke Philips N.V. NY Registry,NYSE
PHGE,BiomX Inc. COmmon Stock,AMEX
PHI,PLDT Inc. Sponsored,NYSE
PHIN,PHINIA Inc.,NYSE
PHIO,Phio Pharmaceuticals Corp.,NASDAQ
PHM,PulteGroup Inc.,NYSE
PHR,Phreesia Inc.,NYSE
PHUN,Phunware Inc.,NASDAQ
PHVS,Pharvaris N.V.,NASDAQ
PHX,PHX Minerals Inc.,NYSE
PI,Impinj Inc.,NASDAQ
PII,Polaris Inc.,NYSE
PIII,P3 Health Partners Inc.,NASDAQ
PIK,Kidpik Corp.,NASDAQ
PIM,Putnam Master Intermediate Income Trust,NYSE
PINC,Premier Inc.,NASDAQ
PINE,Alpine Income Property Trust Inc.,NYSE
PINS,Pinterest Inc.,NYSE
PIPR,Piper Sandler Companies,NYSE
PIRS,Pieris Pharmaceuticals Inc.,NASDAQ
PITA,Heramba Electric plc,NASDAQ
PIXY,ShiftPixy Inc.,NASDAQ
PJT,PJT Partners Inc.,NYSE
PK,Park Hotels & Resorts Inc.,NYSE
PKBK,Parke Bancorp Inc.,NASDAQ
PKE,Park Aerospace Corp.,NYSE
PKG,Packaging Corporation of America,NYSE
PKOH,Park-Ohio Holdings Corp.,NASDAQ
PKST,Peakstone Realty Trust,NYSE
PKX,POSCO Holdings Inc.,NYSE
PL,Planet Labs PBC,NYSE
PLAB,Photronics Inc.,NASDAQ
PLAG,Planet Green Holdings Corp.,AMEX
PLAO,Patria Latin American Opportunity Acquisition Corp.,NASDAQ
PLAY,Dave & Buster's Entertainment Inc.,NASDAQ
PLBC,Plumas Bancorp,NASDAQ
PLBY,PLBY Group Inc.,NASDAQ
PLCE,Children's Place Inc. (The),NASDAQ
PLD,Prologis Inc.,NYSE
PLG,Platinum Group Metals Ltd.,AMEX
PLL,Piedmont Lithium Inc.,NASDAQ
PLMI,Plum Acquisition Corp. I,NASDAQ
PLMJ,Plum Acquisition Corp. III,NASDAQ
PLMR,Palomar Holdings Inc.,NASDAQ
PLNT,Planet Fitness Inc.,NYSE
PLOW,Douglas Dynamics Inc.,NYSE
PLPC,Preformed Line Products Company,NASDAQ
PLRX,Pliant Therapeutics Inc.,NASDAQ
PLSE,Pulse Biosciences Inc,NASDAQ
PLTK,Playtika Holding Corp.,NASDAQ
PLTR,Palantir Technologies Inc.,NYSE
PLUG,Plug Power Inc.,NASDAQ
PLUR,Pluri Inc.,NASDAQ
PLUS,ePlus inc.,NASDAQ
PLX,Protalix BioTherapeutics Inc. (DE),AMEX
PLXS,Plexus Corp.,NASDAQ
PLYA,Playa Hotels & Resorts N.V.,NASDAQ
PLYM,Plymouth Industrial REIT Inc.,NYSE
PM,Philip Morris International Inc,NYSE
PMCB,PharmaCyte  Biotech Inc.,NASDAQ
PMD,Psychemedics Corporation,NASDAQ
PMEC,Primech Holdings Ltd.,NASDAQ
PMN,ProMIS Neurosciences Inc.,NASDAQ
PMNT,Perfect Moment Ltd.,AMEX
PMT,PennyMac Mortgage Investment Trust,NYSE
PMTS,CPI Card Group Inc.,NASDAQ
PMVP,PMV Pharmaceuticals Inc.,NASDAQ
PNBK,Patriot National Bancorp Inc.,NASDAQ
PNC,PNC Financial Services Group Inc. (The),NYSE
PNFP,Pinnacle Financial Partners Inc.,NASDAQ
PNNT,PennantPark Investment Corporation,NYSE
PNR,Pentair plc.,NYSE
PNRG,PrimeEnergy Resources Corporation,NASDAQ
PNST,Pinstripes Holdings Inc.,NYSE
PNTG,The Pennant Group Inc.,NASDAQ
PNW,Pinnacle West Capital Corporation,NYSE
POAI,Predictive Oncology Inc.,NASDAQ
POCI,Precision Optics Corporation Inc.,NASDAQ
PODC,PodcastOne Inc.,NASDAQ
PODD,Insulet Corporation,NASDAQ
POET,POET Technologies Inc.,NASDAQ
POLA,Polar Power Inc.,NASDAQ
POOL,Pool Corporation,NASDAQ
POR,Portland General Electric Co,NYSE
POST,Post Holdings Inc.,NYSE
POWI,Power Integrations Inc.,NASDAQ
POWL,Powell Industries Inc.,NASDAQ
POWW,AMMO Inc.,NASDAQ
PPBI,Pacific Premier Bancorp Inc,NASDAQ
PPBT,Purple Biotech Ltd.,NASDAQ
PPC,Pilgrim's Pride Corporation,NASDAQ
PPG,PPG Industries Inc.,NYSE
PPIH,Perma-Pipe International Holdings Inc.,NASDAQ
PPL,PPL Corporation,NYSE
PPSI,Pioneer Power Solutions Inc.,NASDAQ
PPT,Putnam Premier Income Trust,NYSE
PPTA,Perpetua Resources Corp.,NASDAQ
PPYA,Papaya Growth Opportunity Corp. I,NASDAQ
PR,Permian Resources Corporation,NYSE
PRA,ProAssurance Corporation,NYSE
PRAA,PRA Group Inc.,NASDAQ
PRAX,Praxis Precision Medicines Inc.,NASDAQ
PRCH,Porch Group Inc.,NASDAQ
PRCT,PROCEPT BioRobotics Corporation,NASDAQ
PRDO,Perdoceo Education Corporation,NASDAQ
PRE,Prenetics Global Limited,NASDAQ
PRFT,Perficient Inc.,NASDAQ
PRFX,PainReform Ltd.,NASDAQ
PRG,PROG Holdings Inc.,NYSE
PRGO,Perrigo Company plc,NYSE
PRGS,Progress Software Corporation,NASDAQ
PRI,Primerica Inc.,NYSE
PRIM,Primoris Services Corporation,NYSE
PRK,Park National Corporation,AMEX
PRKS,United Parks & Resorts Inc.,NYSE
PRLB,Proto Labs Inc.,NYSE
PRLD,Prelude Therapeutics Incorporated,NASDAQ
PRLH,Pearl Holdings Acquisition Corp,NASDAQ
PRM,Perimeter Solutions SA,NYSE
PRME,Prime Medicine Inc.,NASDAQ
PRMW,Primo Water Corporation,NYSE
PRO,PROS Holdings Inc.,NYSE
PROC,Procaps Group S.A.,NASDAQ
PROF,Profound Medical Corp.,NASDAQ
PROK,ProKidney Corp.,NASDAQ
PROP,Prairie Operating Co.,NASDAQ
PROV,Provident Financial Holdings Inc.,NASDAQ
PRPH,ProPhase Labs Inc.,NASDAQ
PRPL,Purple Innovation Inc.,NASDAQ
PRPO,Precipio Inc. ,NASDAQ
PRQR,ProQR Therapeutics N.V.,NASDAQ
PRSO,Peraso Inc.,NASDAQ
PRTA,Prothena Corporation plc,NASDAQ
PRTC,PureTech Health plc,NASDAQ
PRTG,Portage Biotech Inc.,NASDAQ
PRTH,Priority Technology Holdings Inc.,NASDAQ
PRTS,CarParts.com Inc.,NASDAQ
PRU,Prudential Financial Inc.,NYSE
PRVA,Privia Health Group Inc.,NASDAQ
PRZO,ParaZero Technologies Ltd.,NASDAQ
PSA,Public Storage,NYSE
PSBD,Palmer Square Capital BDC Inc.,NYSE
PSEC,Prospect Capital Corporation,NASDAQ
PSFE,Paysafe Limited,NYSE
PSHG,Performance Shipping Inc.,NASDAQ
PSIG,PS International Group Ltd.,NASDAQ
PSMT,PriceSmart Inc.,NASDAQ
PSN,Parsons Corporation,NYSE
PSNL,Personalis Inc.,NASDAQ
PSNY,Polestar Automotive Holding UK PLC,NASDAQ
PSO,Pearson Plc,NYSE
PSQH,PSQ Holdings Inc.,NYSE
PSTG,Pure Storage Inc.,NYSE
PSTL,Postal Realty Trust Inc.,NYSE
PSTV,PLUS THERAPEUTICS Inc.,NASDAQ
PSTX,Poseida Therapeutics Inc.,NASDAQ
PSX,Phillips 66,NYSE
PT,Pintec Technology Holdings Limited,NASDAQ
PTC,PTC Inc.,NASDAQ
PTCT,PTC Therapeutics Inc.,NASDAQ
PTEN,Patterson-UTI Energy Inc.,NASDAQ
PTGX,Protagonist Therapeutics Inc.,NASDAQ
PTIX,Protagenic Therapeutics Inc.,NASDAQ
PTLO,Portillo's Inc.,NASDAQ
PTMN,Portman Ridge Finance Corporation,NASDAQ
PTN,Palatin Technologies Inc.,AMEX
PTON,Peloton Interactive Inc.,NASDAQ
PTPI,Petros Pharmaceuticals Inc.,NASDAQ
PTSI,P.A.M. Transportation Services Inc.,NASDAQ
PTVE,Pactiv Evergreen Inc.,NASDAQ
PTWO,Pono Capital Two Inc.,NASDAQ
PUBM,PubMatic Inc.,NASDAQ
PUK,Prudential Public Limited Company,NYSE
PULM,Pulmatrix Inc.,NASDAQ
PUMP,ProPetro Holding Corp.,NYSE
PVBC,Provident Bancorp Inc. (MD),NASDAQ
PVH,PVH Corp.,NYSE
PW,Power REIT (MD),AMEX
PWM,Prestige Wealth Inc.,NASDAQ
PWOD,Penns Woods Bancorp Inc.,NASDAQ
PWP,Perella Weinberg Partners,NASDAQ
PWR,Quanta Services Inc.,NYSE
PWSC,PowerSchool Holdings Inc.,NYSE
PWUP,PowerUp Acquisition Corp.,NASDAQ
PX,P10 Inc.,NYSE
PXDT,Pixie Dust Technologies Inc.,NASDAQ
PXLW,Pixelworks Inc. ,NASDAQ
PXS,Pyxis Tankers Inc.,NASDAQ
PYCR,Paycor HCM Inc.,NASDAQ
PYPD,PolyPid Ltd.,NASDAQ
PYPL,PayPal Holdings Inc.,NASDAQ
PYT,PPlus Tr GSC-2 Tr Ctf Fltg Rate,NYSE
PYXS,Pyxis Oncology Inc.,NASDAQ
PZG,Paramount Gold Nevada Corp.,AMEX
PZZA,Papa John's International Inc.,NASDAQ
QBTS,D-Wave Quantum Inc.,NYSE
QCOM,QUALCOMM Incorporated,NASDAQ
QCRH,QCR Holdings Inc.,NASDAQ
QD,Qudian Inc.,NYSE
QDEL,QuidelOrtho Corporation,NASDAQ
QETA,Quetta Acquisition Corporation,NASDAQ
QFIN,Qifu Technology Inc.,NASDAQ
QGEN,Qiagen N.V.,NYSE
QH,Quhuo Limited,NASDAQ
QIPT,Quipt Home Medical Corp.,NASDAQ
QLGN,Qualigen Therapeutics Inc.,NASDAQ
QLYS,Qualys Inc.,NASDAQ
QMCO,Quantum Corporation,NASDAQ
QMMM,QMMM Holdings Limited,NASDAQ
QNCX,Quince Therapeutics Inc.,NASDAQ
QNRX,Quoin Pharmaceuticals Ltd.,NASDAQ
QNST,QuinStreet Inc.,NASDAQ
QNTM,Quantum Biopharma Ltd.,NASDAQ
QOMO,Qomolangma Acquisition Corp.,NASDAQ
QRHC,Quest Resource Holding Corporation,NASDAQ
QRTEA,Qurate Retail Inc.,NASDAQ
QRTEB,Qurate Retail Inc.,NASDAQ
QRVO,Qorvo Inc.,NASDAQ
QS,QuantumScape Corporation,NYSE
QSG,QuantaSing Group Limited,NASDAQ
QSI,Quantum-Si Incorporated,NASDAQ
QSR,Restaurant Brands International Inc.,NYSE
QTI,QT Imaging Holdings Inc.,NASDAQ
QTRX,Quanterix Corporation,NASDAQ
QTTB,Q32 Bio Inc.,NASDAQ
QTWO,Q2 Holdings Inc.,NYSE
QUAD,Quad Graphics Inc,NYSE
QUBT,Quantum Computing Inc.,NASDAQ
QUIK,QuickLogic Corporation,NASDAQ
QURE,uniQure N.V.,NASDAQ
QXO,QXO Inc.,NASDAQ
R,Ryder System Inc.,NYSE
RACE,Ferrari N.V.,NYSE
RAIL,FreightCar America Inc.,NASDAQ
RAMP,LiveRamp Holdings Inc.,NYSE
RAND,Rand Capital Corporation,NASDAQ
RANI,Rani Therapeutics Holdings Inc.,NASDAQ
RAPP,Rapport Therapeutics Inc.,NASDAQ
RAPT,RAPT Therapeutics Inc.,NASDAQ
RARE,Ultragenyx Pharmaceutical Inc.,NASDAQ
RAVE,Rave Restaurant Group Inc.,NASDAQ
RAY,Raytech Holding Limited,NASDAQ
RAYA,Erayak Power Solution Group Inc.,NASDAQ
RBA,RB Global Inc.,NYSE
RBB,RBB Bancorp,NASDAQ
RBBN,Ribbon Communications Inc.,NASDAQ
RBC,RBC Bearings Incorporated,NYSE
RBCAA,Republic Bancorp Inc.,NASDAQ
RBKB,Rhinebeck Bancorp Inc.,NASDAQ
RBLX,Roblox Corporation,NYSE
RBOT,Vicarious Surgical Inc.,NYSE
RBRK,Rubrik Inc.,NYSE
RC,Ready Capital Corproation,NYSE
RCAT,Red Cat Holdings Inc.,NASDAQ
RCEL,Avita Medical Inc.,NASDAQ
RCFA,Perception Capital Corp. IV,NYSE
RCI,Rogers Communication Inc.,NYSE
RCKT,Rocket Pharmaceuticals Inc.,NASDAQ
RCKY,Rocky Brands Inc.,NASDAQ
RCL,Royal Caribbean Cruises Ltd.,NYSE
RCM,R1 RCM Inc.,NASDAQ
RCMT,RCM Technologies Inc.,NASDAQ
RCON,Recon Technology Ltd.,NASDAQ
RCRT,Recruiter.com Group Inc.,NASDAQ
RCUS,Arcus Biosciences Inc.,NYSE
RDCM,Radcom Ltd.,NASDAQ
RDDT,Reddit Inc.,NYSE
RDFN,Redfin Corporation,NASDAQ
RDHL,Redhill Biopharma Ltd.,NASDAQ
RDI,Reading International Inc,NASDAQ
RDIB,Reading International Inc,NASDAQ
RDN,Radian Group Inc.,NYSE
RDNT,RadNet Inc.,NASDAQ
RDUS,Radius Recycling Inc.,NASDAQ
RDVT,Red Violet Inc.,NASDAQ
RDW,Redwire Corporation,NYSE
RDWR,Radware Ltd.,NASDAQ
RDY,Dr. Reddy's Laboratories Ltd,NYSE
RDZN,Roadzen Inc.,NASDAQ
REAL,The RealReal Inc.,NASDAQ
REAX,The Real Brokerage Inc.,NASDAQ
REBN,Reborn Coffee Inc.,NASDAQ
RECT,Rectitude Holdings Ltd,NASDAQ
REE,REE Automotive Ltd.,NASDAQ
REFI,Chicago Atlantic Real Estate Finance Inc.,NASDAQ
REFR,Research Frontiers Incorporated,NASDAQ
REG,Regency Centers Corporation,NASDAQ
REGN,Regeneron Pharmaceuticals Inc.,NASDAQ
REI,Ring Energy Inc.,AMEX
REKR,Rekor Systems Inc.,NASDAQ
RELI,Reliance Global Group Inc.,NASDAQ
RELL,Richardson Electronics Ltd.,NASDAQ
RELX,RELX PLC PLC,NYSE
RELY,Remitly Global Inc.,NASDAQ
RENB,Renovaro Inc.,NASDAQ
RENE,Cartesian Growth Corporation II,NASDAQ
RENT,Rent the Runway Inc.,NASDAQ
REPL,Replimune Group Inc.,NASDAQ
REPX,Riley Exploration Permian Inc.,AMEX
RERE,ATRenew Inc.,NYSE
RES,RPC Inc.,NYSE
RETO,ReTo Eco-Solutions Inc.,NASDAQ
REVB,Revelation Biosciences Inc.,NASDAQ
REVG,REV Group Inc.,NYSE
REX,REX American Resources Corporation,NYSE
REXR,Rexford Industrial Realty Inc.,NYSE
REYN,Reynolds Consumer Products Inc.,NASDAQ
REZI,Resideo Technologies Inc.,NYSE
RF,Regions Financial Corporation,NYSE
RFAC,RF Acquisition Corp.,NASDAQ
RFAI,RF Acquisition Corp II,NASDAQ
RFIL,RF Industries Ltd.,NASDAQ
RFL,Rafael Holdings Inc.,NYSE
RGA,Reinsurance Group of America Incorporated,NYSE
RGC,Regencell Bioscience Holdings Limited,NASDAQ
RGCO,RGC Resources Inc.,NASDAQ
RGEN,Repligen Corporation,NASDAQ
RGF,The Real Good Food Company Inc.,NASDAQ
RGLD,Royal Gold Inc.,NASDAQ
RGLS,Regulus Therapeutics Inc.,NASDAQ
RGNX,REGENXBIO Inc.,NASDAQ
RGP,Resources Connection Inc.,NASDAQ
RGR,Sturm Ruger & Company Inc.,NYSE
RGS,Regis Corporation,NASDAQ
RGT,Royce Global Trust Inc.,NYSE
RGTI,Rigetti Computing Inc.,NASDAQ
RH,RH,NYSE
RHE,Regional Health Properties Inc.,AMEX
RHI,Robert Half Inc.,NYSE
RHP,Ryman Hospitality Properties Inc. (REIT),NYSE
RICK,RCI Hospitality Holdings Inc.,NASDAQ
RIG,Transocean Ltd (Switzerland),NYSE
RIGL,Rigel Pharmaceuticals Inc.,NASDAQ
RILY,B. Riley Financial Inc.,NASDAQ
RIO,Rio Tinto Plc,NYSE
RIOT,Riot Platforms Inc.,NASDAQ
RITM,Rithm Capital Corp.,NYSE
RITR,Reitar Logtech Holdings Limited,NASDAQ
RIVN,Rivian Automotive Inc.,NASDAQ
RJF,Raymond James Financial Inc.,NYSE
RKDA,Arcadia Biosciences Inc.,NASDAQ
RKLB,Rocket Lab USA Inc.,NASDAQ
RKT,Rocket Companies Inc.,NYSE
RL,Ralph Lauren Corporation,NYSE
RLAY,Relay Therapeutics Inc.,NASDAQ
RLGT,Radiant Logistics Inc.,AMEX
RLI,RLI Corp.,NYSE
RLJ,RLJ Lodging Trust,NYSE
RLMD,Relmada Therapeutics Inc.,NASDAQ
RLX,RLX Technology Inc.,NYSE
RLYB,Rallybio Corporation,NASDAQ
RM,Regional Management Corp.,NYSE
RMAX,RE/MAX Holdings Inc.,NYSE
RMBI,Richmond Mutual Bancorporation Inc.,NASDAQ
RMBL,RumbleOn Inc.,NASDAQ
RMBS,Rambus Inc.,NASDAQ
RMCF,Rocky Mountain Chocolate Factory Inc.,NASDAQ
RMCO,Royalty Management Holding Corporation,NASDAQ
RMD,ResMed Inc.,NYSE
RMNI,Rimini Street Inc. (DE),NASDAQ
RMR,The RMR Group Inc.,NASDAQ
RMT,Royce Micro-Cap Trust Inc.,NYSE
RMTI,Rockwell Medical Inc.,NASDAQ
RNA,Avidity Biosciences Inc.,NASDAQ
RNAC,Cartesian Therapeutics Inc.,NASDAQ
RNAZ,TransCode Therapeutics Inc.,NASDAQ
RNG,RingCentral Inc.,NYSE
RNGR,Ranger Energy Services Inc.,NYSE
RNLX,Renalytix plc,NASDAQ
RNR,RenaissanceRe Holdings Ltd.,NYSE
RNST,Renasant Corporation,NYSE
RNW,ReNew Energy Global plc,NASDAQ
RNXT,RenovoRx Inc.,NASDAQ
ROAD,Construction Partners Inc.,NASDAQ
ROCK,Gibraltar Industries Inc.,NASDAQ
ROCL,Roth CH Acquisition V Co.,NASDAQ
ROG,Rogers Corporation,NYSE
ROIC,Retail Opportunity Investments Corp.,NASDAQ
ROIV,Roivant Sciences Ltd.,NASDAQ
ROK,Rockwell Automation Inc.,NYSE
ROKU,Roku Inc.,NASDAQ
ROL,Rollins Inc.,NYSE
ROMA,Roma Green Finance Limited,NASDAQ
ROOT,Root Inc.,NASDAQ
ROP,Roper Technologies Inc.,NASDAQ
ROST,Ross Stores Inc.,NASDAQ
RPAY,Repay Holdings Corporation,NASDAQ
RPD,Rapid7 Inc.,NASDAQ
RPHM,Reneo Pharmaceuticals Inc.,NASDAQ
RPID,Rapid Micro Biosystems Inc.,NASDAQ
RPM,RPM International Inc.,NYSE
RPRX,Royalty Pharma plc,NASDAQ
RPTX,Repare Therapeutics Inc.,NASDAQ
RR,Richtech Robotics Inc.,NASDAQ
RRAC,Rigel Resource Acquisition Corp.,NYSE
RRBI,Red River Bancshares Inc.,NASDAQ
RRC,Range Resources Corporation,NYSE
RRGB,Red Robin Gourmet Burgers Inc.,NASDAQ
RRR,Red Rock Resorts Inc.,NASDAQ
RRX,Regal Rexnord Corporation,NYSE
RS,Reliance Inc.,NYSE
RSG,Republic Services Inc.,NYSE
RSI,Rush Street Interactive Inc.,NYSE
RSKD,Riskified Ltd.,NYSE
RSLS,ReShape Lifesciences Inc.,NASDAQ
RSSS,Research Solutions Inc,NASDAQ
RSTN,RDE Inc.,NASDAQ
RSVR,Reservoir Media Inc.,NASDAQ
RTC,Baijiayun Group Ltd.,NASDAQ
RTO,Rentokil Initial plc,NYSE
RTX,RTX Corporation,NYSE
RUM,Rumble Inc.,NASDAQ
RUN,Sunrun Inc.,NASDAQ
RUSHA,Rush Enterprises Inc.,NASDAQ
RUSHB,Rush Enterprises Inc.,NASDAQ
RVLV,Revolve Group Inc.,NYSE
RVMD,Revolution Medicines Inc.,NASDAQ
RVNC,Revance Therapeutics Inc.,NASDAQ
RVP,Retractable Technologies Inc.,AMEX
RVPH,Reviva Pharmaceuticals Holdings Inc.,NASDAQ
RVSB,Riverview Bancorp Inc,NASDAQ
RVSN,Rail Vision Ltd.,NASDAQ
RVT,Royce Small-Cap Trust Inc.,NYSE
RVTY,Revvity Inc.,NYSE
RVYL,Ryvyl Inc.,NASDAQ
RWAY,Runway Growth Finance Corp.,NASDAQ
RWT,Redwood Trust Inc.,NYSE
RXO,RXO Inc.,NYSE
RXRX,Recursion Pharmaceuticals Inc.,NASDAQ
RXST,RxSight Inc.,NASDAQ
RXT,Rackspace Technology Inc.,NASDAQ
RY,Royal Bank Of Canada,NYSE
RYAAY,Ryanair Holdings plc,NASDAQ
RYAM,Rayonier Advanced Materials Inc.,NYSE
RYAN,Ryan Specialty Holdings Inc.,NYSE
RYDE,Ryde Group Ltd.,AMEX
RYI,Ryerson Holding Corporation,NYSE
RYN,Rayonier Inc. REIT,NYSE
RYTM,Rhythm Pharmaceuticals Inc.,NASDAQ
RZLT,Rezolute Inc.,NASDAQ
RZLV,Rezolve AI Limited,NASDAQ
S,SentinelOne Inc.,NYSE
SA,Seabridge Gold Inc.,NYSE
SABR,Sabre Corporation,NASDAQ
SABS,SAB Biotherapeutics Inc.,NASDAQ
SACH,Sachem Capital Corp.,AMEX
SAFE,Safehold Inc.,NYSE
SAFT,Safety Insurance Group Inc.,NASDAQ
SAGE,Sage Therapeutics Inc.,NASDAQ
SAH,Sonic Automotive Inc.,NYSE
SAI,SAI.TECH Global Corporation,NASDAQ
SAIA,Saia Inc.,NASDAQ
SAIC,Science Applications International Corporation,NASDAQ
SAM,Boston Beer Company Inc. (The),NYSE
SAMG,Silvercrest Asset Management Group Inc.,NASDAQ
SAN,Banco Santander S.A. Sponsored,NYSE
SANA,Sana Biotechnology Inc.,NASDAQ
SAND          ,Sandstorm Gold Ltd.,NYSE
SANG,Sangoma Technologies Corporation,NASDAQ
SANM,Sanmina Corporation,NASDAQ
SANW,S&W Seed Company,NASDAQ
SAP,SAP  SE,NYSE
SAR,Saratoga Investment Corp,NYSE
SASR,Sandy Spring Bancorp Inc.,NASDAQ
SATL,Satellogic Inc.,NASDAQ
SATS,EchoStar  Corporation,NASDAQ
SATX,SatixFy Communications Ltd.,AMEX
SAVA,Cassava Sciences Inc.,NASDAQ
SAVE,Spirit Airlines Inc.,NYSE
SB,Safe Bulkers Inc,NYSE
SBAC,SBA Communications Corporation,NASDAQ
SBCF,Seacoast Banking Corporation of Florida,NASDAQ
SBET,SharpLink Gaming Inc.,NASDAQ
SBEV,Splash Beverage Group Inc. (NV),AMEX
SBFG,SB Financial Group Inc.,NASDAQ
SBFM,Sunshine Biopharma Inc.,NASDAQ
SBGI,Sinclair Inc.,NASDAQ
SBH,Sally Beauty Holdings Inc. (,NYSE
SBLK,Star Bulk Carriers Corp.,NASDAQ
SBR,Sabine Royalty Trust,NYSE
SBRA,Sabra Health Care REIT Inc.,NASDAQ
SBS,Companhia de saneamento Basico Do Estado De Sao Paulo - Sabesp,NYSE
SBSI,Southside Bancshares Inc.,NASDAQ
SBSW,D/B/A Sibanye-Stillwater Limited,NYSE
SBT,Sterling Bancorp Inc.,NASDAQ
SBUX,Starbucks Corporation,NASDAQ
SBXC,SilverBox Corp III,NYSE
SCCO,Southern Copper Corporation,NYSE
SCHL,Scholastic Corporation,NASDAQ
SCHW,Charles Schwab Corporation (The),NYSE
SCI,Service Corporation International,NYSE
SCKT,Socket Mobile Inc.,NASDAQ
SCL,Stepan Company,NYSE
SCLX,Scilex Holding Company,NASDAQ
SCM,Stellus Capital Investment Corporation,NYSE
SCNI,Scinai Immunotherapeutics Ltd.,NASDAQ
SCOR,comScore Inc.,NASDAQ
SCPH,scPharmaceuticals Inc.,NASDAQ
SCPX,Scorpius Holdings Inc.,AMEX
SCS,Steelcase Inc.,NYSE
SCSC,ScanSource Inc.,NASDAQ
SCVL,Shoe Carnival Inc.,NASDAQ
SCWO,374Water Inc.,NASDAQ
SCWX,SecureWorks Corp.,NASDAQ
SCYX,SCYNEXIS Inc.,NASDAQ
SD,SandRidge Energy Inc.,NYSE
SDA,SunCar Technology Group Inc.,NASDAQ
SDGR,Schrodinger Inc.,NASDAQ
SDHC,Smith Douglas Homes Corp.,NYSE
SDIG,Stronghold Digital Mining Inc.,NASDAQ
SDOT,Sadot Group Inc.,NASDAQ
SDRL,Seadrill Limited,NYSE
SDST,Stardust Power Inc.,NASDAQ
SE,Sea Limited,NYSE
SEAT,Vivid Seats Inc.,NASDAQ
SEB,Seaboard Corporation,AMEX
SEDA,SDCL EDGE Acquisition Corporation,NYSE
SEDG,SolarEdge Technologies Inc.,NASDAQ
SEE,Sealed Air Corporation,NYSE
SEED,Origin Agritech Limited,NASDAQ
SEEL,Seelos Therapeutics Inc.,NASDAQ
SEER,Seer Inc.,NASDAQ
SEG,Seaport Entertainment Group Inc.,AMEX
SEIC,SEI Investments Company,NASDAQ
SELF,Global Self Storage Inc.,NASDAQ
SELX,Semilux International Ltd.,NASDAQ
SEM,Select Medical Holdings Corporation,NYSE
SEMR,SEMrush Holdings Inc.,NYSE
SENEA,Seneca Foods Corp.,NASDAQ
SENEB,Seneca Foods Corp.,NASDAQ
SENS,Senseonics Holdings Inc.,AMEX
SER,Serina Therapeutics Inc.,AMEX
SERA,Sera Prognostics Inc.,NASDAQ
SERV,Serve Robotics Inc.,NASDAQ
SES,SES AI Corporation,NYSE
SEVN,Seven Hills Realty Trust,NASDAQ
SEZL,Sezzle Inc.,NASDAQ
SF,Stifel Financial Corporation,NYSE
SFBC,Sound Financial Bancorp Inc.,NASDAQ
SFBS,ServisFirst Bancshares Inc.,NYSE
SFIX,Stitch Fix Inc.,NASDAQ
SFL,SFL Corporation Ltd,NYSE
SFM,Sprouts Farmers Market Inc.,NASDAQ
SFNC,Simmons First National Corporation,NASDAQ
SFST,Southern First Bancshares Inc.,NASDAQ
SFWL,Shengfeng Development Limited,NASDAQ
SG,Sweetgreen Inc.,NYSE
SGA,Saga Communications Inc.,NASDAQ
SGBX,Safe & Green Holdings Corp.,NASDAQ
SGC,Superior Group of Companies Inc.,NASDAQ
SGD,Safe and Green Development Corporation,NASDAQ
SGE,Strong Global Entertainment Inc.,AMEX
SGH,SMART Global Holdings Inc.,NASDAQ
SGHC,Super Group (SGHC) Limited,NYSE
SGHT,Sight Sciences Inc.,NASDAQ
SGLY,Singularity Future Technology Ltd.,NASDAQ
SGMA,SigmaTron International Inc.,NASDAQ
SGML,Sigma Lithium Corporation,NASDAQ
SGMO,Sangamo Therapeutics Inc.,NASDAQ
SGMT,Sagimet Biosciences Inc.,NASDAQ
SGN,Signing Day Sports Inc.,AMEX
SGRP,SPAR Group Inc.,NASDAQ
SGRY,Surgery Partners Inc.,NASDAQ
SGU,Star Group L.P.,NYSE
SHAK,Shake Shack Inc.,NYSE
SHBI,Shore Bancshares Inc,NASDAQ
SHC,Sotera Health Company,NASDAQ
SHCO,Soho House & Co Inc.,NYSE
SHCR,Sharecare Inc.,NASDAQ
SHEL,Shell PLC,NYSE
SHEN,Shenandoah Telecommunications Co,NASDAQ
SHFS,SHF Holdings Inc.,NASDAQ
SHG,Shinhan Financial Group Co Ltd,NYSE
SHIM,Shimmick Corporation,NASDAQ
SHIP,Seanergy Maritime Holdings Corp.,NASDAQ
SHLS,Shoals Technologies Group Inc.,NASDAQ
SHLT,SHL Telemedicine Ltd,NASDAQ
SHMD,SCHMID Group N.V.,NASDAQ
SHO,Sunstone Hotel Investors Inc. Sunstone Hotel Investors Inc.,NYSE
SHOO,Steven Madden Ltd.,NASDAQ
SHOP,Shopify Inc.,NYSE
SHOT,Safety Shot Inc.,NASDAQ
SHPH,Shuttle Pharmaceuticals Holdings Inc.,NASDAQ
SHW,Sherwin-Williams Company (The),NYSE
SHYF,The Shyft Group Inc.,NASDAQ
SIBN,SI-BONE Inc.,NASDAQ
SID,Companhia Siderurgica Nacional S.A.,NYSE
SIDU,Sidus Space Inc.,NASDAQ
SIEB,Siebert Financial Corp.,NASDAQ
SIF,SIFCO Industries Inc.,AMEX
SIFY,Sify Technologies Limited,NASDAQ
SIG,Signet Jewelers Limited,NYSE
SIGA,SIGA Technologies Inc.,NASDAQ
SIGI,Selective Insurance Group Inc.,NASDAQ
SII,Sprott Inc.,NYSE
SILA,Sila Realty Trust Inc.,NYSE
SILC,Silicom Ltd,NASDAQ
SILK,Silk Road Medical Inc.,NASDAQ
SILO,Silo Pharma Inc.,NASDAQ
SILV,SilverCrest Metals Inc.,AMEX
SIM,Grupo Simec S.A.B. de C.V.,AMEX
SIMO,Silicon Motion Technology Corporation,NASDAQ
SINT,SiNtx Technologies Inc.,NASDAQ
SIRI,Sirius XM Holdings Inc.,NASDAQ
SISI,Shineco Inc.,NASDAQ
SITC,SITE Centers Corp.,NYSE
SITE,SiteOne Landscape Supply Inc.,NYSE
SITM,SiTime Corporation,NASDAQ
SJ,Scienjoy Holding Corporation,NASDAQ
SJM,The J.M. Smucker Company,NYSE
SJT,San Juan Basin Royalty Trust,NYSE
SJW,SJW Group,NYSE
SKE,Skeena Resources Limited,NYSE
SKGR,SK Growth Opportunities Corporation,NASDAQ
SKIL,Skillsoft Corp.,NYSE
SKIN,The Beauty Health Company,NASDAQ
SKLZ,Skillz Inc.,NYSE
SKM,SK Telecom Co. Ltd.,NYSE
SKT,Tanger Inc.,NYSE
SKWD,Skyward Specialty Insurance Group Inc.,NASDAQ
SKX,Skechers U.S.A. Inc.,NYSE
SKY,Champion Homes Inc.,NYSE
SKYE,Skye Bioscience Inc.,NASDAQ
SKYH,Sky Harbour Group Corporation,AMEX
SKYT,SkyWater Technology Inc.,NASDAQ
SKYW,SkyWest Inc.,NASDAQ
SKYX,SKYX Platforms Corp.,NASDAQ
SLAB,Silicon Laboratories Inc.,NASDAQ
SLAM,Slam Corp.,NASDAQ
SLB,Schlumberger N.V.,NYSE
SLDB,Solid Biosciences Inc.,NASDAQ
SLDP,Solid Power Inc.,NASDAQ
SLE,Super League Enterprise Inc.,NASDAQ
SLF,Sun Life Financial Inc.,NYSE
SLG,SL Green Realty Corp,NYSE
SLGL,Sol-Gel Technologies Ltd.,NASDAQ
SLGN,Silgan Holdings Inc.,NYSE
SLI,Standard Lithium Ltd.,AMEX
SLM,SLM Corporation,NASDAQ
SLN,Silence Therapeutics Plc,NASDAQ
SLND,Southland Holdings Inc.,AMEX
SLNG,Stabilis Solutions Inc.,NASDAQ
SLNH,Soluna Holdings Inc.,NASDAQ
SLNO,Soleno Therapeutics Inc.,NASDAQ
SLP,Simulations Plus Inc.,NASDAQ
SLQT,SelectQuote Inc.,NYSE
SLRC,SLR Investment Corp.,NASDAQ
SLRN,ACELYRIN INC.,NASDAQ
SLRX,Salarius Pharmaceuticals Inc.,NASDAQ
SLS,SELLAS Life Sciences Group Inc.,NASDAQ
SLSR,Solaris Resources Inc.,AMEX
SLVM,Sylvamo Corporation,NYSE
SLVO,UBS AG ETRACS Silver,NASDAQ
SLXN,Silexion Therapeutics Corp,NASDAQ
SM,SM Energy Company,NYSE
SMAR,Smartsheet Inc.,NYSE
SMBC,Southern Missouri Bancorp Inc.,NASDAQ
SMBK,SmartFinancial Inc.,NYSE
SMC,Summit Midstream Corporation,NYSE
SMCI,Super Micro Computer Inc.,NASDAQ
SMFG,Sumitomo Mitsui Financial Group Inc Unsponsored,NYSE
SMFL,Smart for Life Inc.,NASDAQ
SMG,Scotts Miracle-Gro Company (The),NYSE
SMHI,SEACOR Marine Holdings Inc.,NYSE
SMID,Smith-Midland Corporation,NASDAQ
SMLR,Semler Scientific Inc.,NASDAQ
SMMT,Summit Therapeutics Inc.,NASDAQ
SMP,Standard Motor Products Inc.,NYSE
SMPL,The Simply Good Foods Company,NASDAQ
SMR,NuScale Power Corporation,NYSE
SMRT,SmartRent Inc.,NYSE
SMSI,Smith Micro Software Inc.,NASDAQ
SMTC,Semtech Corporation,NASDAQ
SMTI,Sanara MedTech Inc.,NASDAQ
SMTK,SmartKem Inc.,NASDAQ
SMWB,Similarweb Ltd.,NYSE
SMX,SMX (Security Matters) Public Limited Company,NASDAQ
SMXT,Solarmax Technology Inc.,NASDAQ
SN,SharkNinja Inc.,NYSE
SNA,Snap-On Incorporated,NYSE
SNAL,Snail Inc.,NASDAQ
SNAP,Snap Inc.,NYSE
SNAX,Stryve Foods Inc.,NASDAQ
SNBR,Sleep Number Corporation,NASDAQ
SNCR,Synchronoss Technologies Inc.,NASDAQ
SNCY,Sun Country Airlines Holdings Inc.,NASDAQ
SND,Smart Sand Inc.,NASDAQ
SNDA,Sonida Senior Living Inc.,NYSE
SNDL,SNDL Inc.,NASDAQ
SNDR,Schneider National Inc.,NYSE
SNDX,Syndax Pharmaceuticals Inc.,NASDAQ
SNES,SenesTech Inc.,NASDAQ
SNEX,StoneX Group Inc.,NASDAQ
SNFCA,Security National Financial Corporation,NASDAQ
SNGX,Soligenix Inc.,NASDAQ
SNN,Smith & Nephew SNATS Inc.,NYSE
SNOA,Sonoma Pharmaceuticals Inc.,NASDAQ
SNOW,Snowflake Inc.,NYSE
SNPS,Synopsys Inc.,NASDAQ
SNPX,Synaptogenix Inc.,NASDAQ
SNSE,Sensei Biotherapeutics Inc.,NASDAQ
SNT,Senstar Technologies Corporation,NASDAQ
SNTG,Sentage Holdings Inc.,NASDAQ
SNTI,Senti Biosciences Inc.,NASDAQ
SNV,Synovus Financial Corp.,NYSE
SNX,TD SYNNEX Corporation,NYSE
SNY,Sanofi,NASDAQ
SO,Southern Company (The),NYSE
SOAR,Volato Group Inc.,AMEX
SOBR,SOBR Safe Inc.,NASDAQ
SOC,Sable Offshore Corp.,NYSE
SOFI,SoFi Technologies Inc.,NASDAQ
SOGP,Sound Group Inc.,NASDAQ
SOHO,Sotherly Hotels Inc.,NASDAQ
SOHU,Sohu.com Limited,NASDAQ
SOI,Solaris Oilfield Infrastructure Inc.,NYSE
SOL,Emeren Group Ltd,NYSE
SOLV,Solventum Corporation,NYSE
SON,Sonoco Products Company,NYSE
SOND,Sonder Holdings Inc.,NASDAQ
SONM,Sonim Technologies Inc.,NASDAQ
SONN,Sonnet BioTherapeutics Holdings Inc.,NASDAQ
SONO,Sonos Inc.,NASDAQ
SONY,Sony Group Corporation,NYSE
SOPA,Society Pass Incorporated,NASDAQ
SOPH,SOPHiA GENETICS SA,NASDAQ
SOR,Source Capital Inc.,NYSE
SOS,SOS Limited,NYSE
SOTK,Sono-Tek Corporation,NASDAQ
SOUN,SoundHound AI Inc,NASDAQ
SOWG,Sow Good Inc.,NASDAQ
SPB,Spectrum Brands Holdings Inc.,NYSE
SPCB,SuperCom Ltd.,NASDAQ
SPCE,Virgin Galactic Holdings Inc.,NYSE
SPFI,South Plains Financial Inc.,NASDAQ
SPG,Simon Property Group Inc.,NYSE
SPGC,Sacks Parente Golf Inc.,NASDAQ
SPGI,S&P Global Inc.,NYSE
SPH,Suburban Propane Partners L.P.,NYSE
SPHR,Sphere Entertainment Co.,NYSE
SPI,SPI Energy Co. Ltd.,NASDAQ
SPIR,Spire Global Inc.,NYSE
SPKL,Spark I Acquisition Corp.,NASDAQ
SPMC,Sound Point Meridian Capital Inc.,NYSE
SPNS,Sapiens International Corporation N.V.,NASDAQ
SPNT,SiriusPoint Ltd.,NYSE
SPOK,Spok Holdings Inc.,NASDAQ
SPOT,Spotify Technology S.A.,NYSE
SPPL,SIMPPLE LTD.,NASDAQ
SPR,Spirit Aerosystems Holdings Inc.,NYSE
SPRB,Spruce Biosciences Inc.,NASDAQ
SPRC,SciSparc Ltd.,NASDAQ
SPRO,Spero Therapeutics Inc.,NASDAQ
SPRU,Spruce Power Holding Corporation,NYSE
SPRY,ARS Pharmaceuticals Inc.,NASDAQ
SPSC,SPS Commerce Inc.,NASDAQ
SPT,Sprout Social Inc,NASDAQ
SPTN,SpartanNash Company,NASDAQ
SPWH,Sportsman's Warehouse Holdings Inc.,NASDAQ
SPXC,SPX Technologies Inc.,NYSE
SQ,Block Inc.,NYSE
SQFT,Presidio Property Trust Inc.,NASDAQ
SQFTW,Presidio Property Trust Inc.,NASDAQ
SQM,Sociedad Quimica y Minera S.A.,NYSE
SQNS,Sequans Communications S.A.,NYSE
SQSP,Squarespace Inc.,NYSE
SR,Spire Inc.,NYSE
SRAD,Sportradar Group AG,NASDAQ
SRBK,SR Bancorp Inc.,NASDAQ
SRCE,1st Source Corporation,NASDAQ
SRCL,Stericycle Inc.,NASDAQ
SRDX,Surmodics Inc.,NASDAQ
SRE,DBA Sempra,NYSE
SRFM,Surf Air Mobility Inc.,NYSE
SRG,Seritage Growth Properties,NYSE
SRI,Stoneridge Inc.,NYSE
SRL,Scully Royalty Ltd.,NYSE
SRM,SRM Entertainment Inc.,NASDAQ
SRPT,Sarepta Therapeutics Inc.,NASDAQ
SRRK,Scholar Rock Holding Corporation,NASDAQ
SRTS,Sensus Healthcare Inc.,NASDAQ
SRZN,Surrozen Inc.,NASDAQ
SSB,SouthState Corporation,NYSE
SSBI,Summit State Bank,NASDAQ
SSBK,Southern States Bancshares Inc.,NASDAQ
SSD,Simpson Manufacturing Company Inc.,NYSE
SSIC,Silver Spike Investment Corp.,NASDAQ
SSKN,Strata Skin Sciences Inc.,NASDAQ
SSL,Sasol Ltd.,NYSE
SSNC,SS&C Technologies Holdings Inc.,NASDAQ
SSP,E.W. Scripps Company (The),NASDAQ
SSRM,SSR Mining Inc.,NASDAQ
SSSS,SuRo Capital Corp.,NASDAQ
SST,System1 Inc.,NYSE
SSTI,SoundThinking Inc.,NASDAQ
SSTK,Shutterstock Inc.,NYSE
SSY,SunLink Health Systems Inc.,AMEX
SSYS,Stratasys Ltd.,NASDAQ
ST,Sensata Technologies Holding plc,NYSE
STAA,STAAR Surgical Company,NASDAQ
STAF,Staffing 360 Solutions Inc.,NASDAQ
STAG,Stag Industrial Inc.,NYSE
STBA,S&T Bancorp Inc.,NASDAQ
STBX,Starbox Group Holdings Ltd.,NASDAQ
STC,Stewart Information Services Corporation,NYSE
STCN,Steel Connect Inc.,NASDAQ
STE,STERIS plc (Ireland),NYSE
STEC,Santech Holdings Limited,NASDAQ
STEL,Stellar Bancorp Inc.,NYSE
STEM,Stem Inc.,NYSE
STEP,StepStone Group Inc.,NASDAQ
STER,Sterling Check Corp.,NASDAQ
STG,Sunlands Technology Group,NYSE
STGW,Stagwell Inc.,NASDAQ
STHO,Star Holdings,NASDAQ
STI,Solidion Technology Inc.,NASDAQ
STIM,Neuronetics Inc.,NASDAQ
STKH,Steakholder Foods Ltd.,NASDAQ
STKL,SunOpta Inc.,NASDAQ
STKS,The ONE Group Hospitality Inc.,NASDAQ
STLA,Stellantis N.V.,NYSE
STLD,Steel Dynamics Inc.,NASDAQ
STM,STMicroelectronics N.V.,NYSE
STN,Stantec Inc,NYSE
STNE,StoneCo Ltd.,NASDAQ
STNG,Scorpio Tankers Inc.,NYSE
STOK,Stoke Therapeutics Inc.,NASDAQ
STR,Sitio Royalties Corp.,NYSE
STRA,Strategic Education Inc.,NASDAQ
STRL,Sterling Infrastructure Inc.,NASDAQ
STRM,Streamline Health Solutions Inc.,NASDAQ
STRO,Sutro Biopharma Inc.,NASDAQ
STRR,Star Equity Holdings Inc.,NASDAQ
STRS,Stratus Properties Inc.,NASDAQ
STRT,STRATTEC SECURITY CORPORATION,NASDAQ
STRW,Strawberry Fields REIT Inc.,AMEX
STSS,Sharps Technology Inc.,NASDAQ
STT,State Street Corporation,NYSE
STTK,Shattuck Labs Inc.,NASDAQ
STVN,Stevanato Group S.p.A.,NYSE
STWD,STARWOOD PROPERTY TRUST INC. Starwood Property Trust Inc.,NYSE
STX,Seagate Technology Holdings PLC,NASDAQ
STXS,Stereotaxis Inc.,AMEX
STZ,Constellation Brands Inc.,NYSE
SU,Suncor Energy  Inc.,NYSE
SUGP,SU Group Holdings Limited,NASDAQ
SUI,Sun Communities Inc.,NYSE
SUM,Summit Materials Inc.,NYSE
SUNS,Sunrise Realty Trust Inc.,NASDAQ
SUP,Superior Industries International Inc.,NYSE
SUPN,Supernus Pharmaceuticals Inc.,NASDAQ
SUPV,Grupo Supervielle S.A.,NYSE
SURG,SurgePays Inc.,NASDAQ
SUUN,SolarBank Corporation,NASDAQ
SUZ,Suzano S.A.,NYSE
SVC,Service Properties Trust,NASDAQ
SVCO,Silvaco Group Inc.,NASDAQ
SVII,Spring Valley Acquisition Corp. II,NASDAQ
SVM,Silvercorp Metals Inc.,AMEX
SVMH,SRIVARU Holding Limited,NASDAQ
SVRA,Savara Inc.,NASDAQ
SVRE,SaverOne 2014 Ltd.,NASDAQ
SVT,Servotronics Inc.,AMEX
SVV,Savers Value Village Inc.,NYSE
SW,Smurfit WestRock plc,NYSE
SWAG,Stran & Company Inc.,NASDAQ
SWBI,Smith & Wesson Brands Inc.,NASDAQ
SWI,SolarWinds Corporation,NYSE
SWIM,Latham Group Inc.,NASDAQ
SWIN,Solowin Holdings,NASDAQ
SWK,Stanley Black & Decker Inc.,NYSE
SWKH,SWK Holdings Corporation,NASDAQ
SWKS,Skyworks Solutions Inc.,NASDAQ
SWN,Southwestern Energy Company,NYSE
SWTX,SpringWorks Therapeutics Inc.,NASDAQ
SWVL,Swvl Holdings Corp,NASDAQ
SWX,Southwest Gas Holdings Inc.,NYSE
SXC,SunCoke Energy Inc.,NYSE
SXI,Standex International Corporation,NYSE
SXT,Sensient Technologies Corporation,NYSE
SXTC,China SXT Pharmaceuticals Inc.,NASDAQ
SXTP,60 Degrees Pharmaceuticals Inc.,NASDAQ
SY,So-Young International Inc.,NASDAQ
SYBT,Stock Yards Bancorp Inc.,NASDAQ
SYBX,Synlogic Inc.,NASDAQ
SYF,Synchrony Financial,NYSE
SYK,Stryker Corporation,NYSE
SYM,Symbotic Inc.,NASDAQ
SYNA,Synaptics Incorporated,NASDAQ
SYNX,Silynxcom Ltd.,AMEX
SYPR,Sypris Solutions Inc.,NASDAQ
SYRA,Syra Health Corp.,NASDAQ
SYRE,Spyre Therapeutics Inc.,NASDAQ
SYRS,Syros Pharmaceuticals Inc.,NASDAQ
SYT,SYLA Technologies Co. Ltd.,NASDAQ
SYTA,Siyata Mobile Inc.,NASDAQ
SYY,Sysco Corporation,NYSE
T,AT&T Inc.,NYSE
TAC,TransAlta Corporation,NYSE
TACT,TransAct Technologies Incorporated,NASDAQ
TAIT,Taitron Components Incorporated,NASDAQ
TAK,Takeda Pharmaceutical Company Limited,NYSE
TAL,TAL Education Group,NYSE
TALK,Talkspace Inc.,NASDAQ
TALO,Talos Energy Inc.,NYSE
TANH,Tantech Holdings Ltd.,NASDAQ
TAOP,Taoping Inc.,NASDAQ
TAP,Molson Coors Beverage Company,NYSE
TARA,Protara Therapeutics Inc. ,NASDAQ
TARS,Tarsus Pharmaceuticals Inc.,NASDAQ
TASK,TaskUs Inc.,NASDAQ
TATT,TAT Technologies Ltd.,NASDAQ
TAYD,Taylor Devices Inc.,NASDAQ
TBBB,BBB Foods Inc.,NYSE
TBBK,The Bancorp Inc,NASDAQ
TBI,TrueBlue Inc.,NYSE
TBIO,Telesis Bio Inc.,NASDAQ
TBLA,Taboola.com Ltd.,NASDAQ
TBLD,Thornburg Income Builder Opportunities Trust,NASDAQ
TBMC,Trailblazer Merger Corporation I,NASDAQ
TBN,Tamboran Resources Corporation,NYSE
TBNK,Territorial Bancorp Inc.,NASDAQ
TBPH,Theravance Biopharma Inc.,NASDAQ
TBRG,TruBridge Inc.,NASDAQ
TC,TuanChe Limited,NASDAQ
TCBI,Texas Capital Bancshares Inc.,NASDAQ
TCBK,TriCo Bancshares,NASDAQ
TCBP,TC BioPharm (Holdings) plc,NASDAQ
TCBS,Texas Community Bancshares Inc.,NASDAQ
TCBX,Third Coast Bancshares Inc.,NASDAQ
TCI,Transcontinental Realty Investors Inc.,NYSE
TCJH,Top KingWin Ltd,NASDAQ
TCMD,Tactile Systems Technology Inc.,NASDAQ
TCOA,Zalatoris Acquisition Corp.,NYSE
TCOM,Trip.com Group Limited,NASDAQ
TCPC,BlackRock TCP Capital Corp.,NASDAQ
TCRT,Alaunos Therapeutics Inc.,NASDAQ
TCRX,TScan Therapeutics Inc.,NASDAQ
TCS,Container Store (The),NYSE
TCTM,TCTM Kids IT Education Inc.,NASDAQ
TCX,Tucows Inc.,NASDAQ
TD,Toronto Dominion Bank (The),NYSE
TDC,Teradata Corporation,NYSE
TDG,Transdigm Group Incorporated,NYSE
TDOC,Teladoc Health Inc.,NYSE
TDS,Telephone and Data Systems Inc.,NYSE
TDUP,ThredUp Inc.,NASDAQ
TDW,Tidewater Inc.,NYSE
TDY,Teledyne Technologies Incorporated,NYSE
TEAM,Atlassian Corporation,NASDAQ
TECH,Bio-Techne Corp,NASDAQ
TECK,Teck Resources Ltd,NYSE
TECX,Tectonic Therapeutic Inc.,NASDAQ
TEF,Telefonica SA,NYSE
TEL,TE Connectivity Ltd. New Switzerland Registered,NYSE
TELA,TELA Bio Inc.,NASDAQ
TELL,Tellurian Inc.,AMEX
TELO,Telomir Pharmaceuticals Inc.,NASDAQ
TEM,Tempus AI Inc.,NASDAQ
TEN,Tsakos Energy Navigation Ltd,NYSE
TENB,Tenable Holdings Inc.,NASDAQ
TENX,Tenax Therapeutics Inc.,NASDAQ
TEO,Telecom Argentina SA,NYSE
TER,Teradyne Inc.,NASDAQ
TERN,Terns Pharmaceuticals Inc.,NASDAQ
TETE,Technology & Telecommunication Acquisition Corporation,NASDAQ
TEVA,Teva Pharmaceutical Industries Limited,NYSE
TEX,Terex Corporation,NYSE
TFC,Truist Financial Corporation,NYSE
TFFP,TFF Pharmaceuticals Inc.,NASDAQ
TFII,TFI International Inc.,NYSE
TFIN,Triumph Financial Inc.,NASDAQ
TFPM,Triple Flag Precious Metals Corp.,NYSE
TFSL,TFS Financial Corporation,NASDAQ
TFX,Teleflex Incorporated,NYSE
TG,Tredegar Corporation,NYSE
TGB,Taseko Mines Ltd.,AMEX
TGI,Triumph Group Inc.,NYSE
TGL,Treasure Global Inc.,NASDAQ
TGLS,Tecnoglass Inc.,NYSE
TGNA,TEGNA Inc,NYSE
TGS,Transportadora de Gas del Sur SA TGS,NYSE
TGT,Target Corporation,NYSE
TGTX,TG Therapeutics Inc.,NASDAQ
TH,Target Hospitality Corp.,NASDAQ
THAR,Tharimmune Inc.,NASDAQ
THC,Tenet Healthcare Corporation,NYSE
THCH,TH International Limited,NASDAQ
THFF,First Financial Corporation Indiana,NASDAQ
THG,Hanover Insurance Group Inc,NYSE
THM,International Tower Hill Mines Ltd.,AMEX
THO,Thor Industries Inc.,NYSE
THR,Thermon Group Holdings Inc.,NYSE
THRD,Third Harmonic Bio Inc.,NASDAQ
THRM,Gentherm Inc,NASDAQ
THRY,Thryv Holdings Inc.,NASDAQ
THS,Treehouse Foods Inc.,NYSE
THTX,Theratechnologies Inc.,NASDAQ
TIGO,Millicom International Cellular S.A.,NASDAQ
TIGR,UP Fintech Holding Ltd,NASDAQ
TIL,Instil Bio Inc.,NASDAQ
TILE,Interface Inc.,NASDAQ
TIMB,TIM S.A.,NYSE
TIPT,Tiptree Inc.,NASDAQ
TIRX,TIAN RUIXIANG Holdings Ltd,NASDAQ
TISI,Team Inc.,NYSE
TITN,Titan Machinery Inc.,NASDAQ
TIVC,Tivic Health Systems Inc.,NASDAQ
TIXT,TELUS International (Cda) Inc.,NYSE
TJX,TJX Companies Inc. (The),NYSE
TK,Teekay Corporation,NYSE
TKC,Turkcell Iletisim Hizmetleri AS,NYSE
TKLF,Yoshitsu Co. Ltd,NASDAQ
TKNO,Alpha Teknova Inc.,NASDAQ
TKO,TKO Group Holdings Inc.,NYSE
TKR,Timken Company (The),NYSE
TLF,Tandy Leather Factory Inc.,NASDAQ
TLGY,TLGY Acquisition Corporation,NASDAQ
TLIS,Talis Biomedical Corporation,NASDAQ
TLK,PT Telekomunikasi Indonesia Tbk,NYSE
TLN,Talen Energy Corporation,NASDAQ
TLPH,Talphera Inc.,NASDAQ
TLRY,Tilray Brands Inc.,NASDAQ
TLS,Telos Corporation,NASDAQ
TLSA,Tiziana Life Sciences Ltd.,NASDAQ
TLSI,TriSalus Life Sciences Inc.,NASDAQ
TLYS,Tilly's Inc.,NYSE
TM,Toyota Motor Corporation,NYSE
TMC,TMC the metals company Inc.,NASDAQ
TMCI,Treace Medical Concepts Inc.,NASDAQ
TMDX,TransMedics Group Inc.,NASDAQ
TME,Tencent Music Entertainment Group,NYSE
TMHC,Taylor Morrison Home Corporation,NYSE
TMO,Thermo Fisher Scientific Inc,NYSE
TMP,Tompkins Financial Corporation,AMEX
TMQ,Trilogy Metals Inc.,AMEX
TMTC,TMT Acquisition Corp,NASDAQ
TMUS,T-Mobile US Inc.,NASDAQ
TNC,Tennant Company,NYSE
TNDM,Tandem Diabetes Care Inc.,NASDAQ
TNET,TriNet Group Inc.,NYSE
TNFA,TNF Pharmaceuticals Inc.,NASDAQ
TNGX,Tango Therapeutics Inc.,NASDAQ
TNK,Teekay Tankers Ltd.,NYSE
TNL,Travel   Leisure Co.,NYSE
TNON,Tenon Medical Inc.,NASDAQ
TNXP,Tonix Pharmaceuticals Holding Corp.,NASDAQ
TNYA,Tenaya Therapeutics Inc.,NASDAQ
TOI,The Oncology Institute Inc.,NASDAQ
TOL,Toll Brothers Inc.,NYSE
TOMZ,TOMI Environmental Solutions Inc.,NASDAQ
TOON,Kartoon Studios Inc.,AMEX
TOP,TOP Financial Group Limited,NASDAQ
TOPS,TOP Ships Inc.,AMEX
TORO,Toro Corp.,NASDAQ
TOST,Toast Inc.,NYSE
TOUR,Tuniu Corporation,NASDAQ
TOVX,Theriva Biologics Inc.,AMEX
TOWN,TowneBank,NASDAQ
TOYO,TOYO Co. Ltd,NASDAQ
TPB,Turning Point Brands Inc.,NYSE
TPC,Tutor Perini Corporation,NYSE
TPCS,TechPrecision Corporation,NASDAQ
TPET,Trio Petroleum Corp.,AMEX
TPG,TPG Inc.,NASDAQ
TPH,Tri Pointe Homes Inc.,NYSE
TPIC,TPI Composites Inc.,NASDAQ
TPL,Texas Pacific Land Corporation,NYSE
TPR,Tapestry Inc.,NYSE
TPST,Tempest Therapeutics Inc.,NASDAQ
TPVG,TriplePoint Venture Growth BDC Corp.,NYSE
TPX,Tempur Sealy International Inc.,NYSE
TR,Tootsie Roll Industries Inc.,NYSE
TRAK,ReposiTrak Inc.,NYSE
TRAW,Traws Pharma Inc.,NASDAQ
TRC,Tejon Ranch Co,NYSE
TRDA,Entrada Therapeutics Inc.,NASDAQ
TREE,LendingTree Inc.,NASDAQ
TREX,Trex Company Inc.,NYSE
TRGP,Targa Resources Inc.,NYSE
TRI,Thomson Reuters Corp,NYSE
TRIB,Trinity Biotech plc,NASDAQ
TRIN,Trinity Capital Inc.,NASDAQ
TRIP,TripAdvisor Inc.,NASDAQ
TRMB,Trimble Inc.,NASDAQ
TRMD,TORM plc,NASDAQ
TRMK,Trustmark Corporation,NASDAQ
TRML,Tourmaline Bio Inc.,NASDAQ
TRN,Trinity Industries Inc.,NYSE
TRNO,Terreno Realty Corporation,NYSE
TRNR,Interactive Strength Inc.,NASDAQ
TRNS,Transcat Inc.,NASDAQ
TROO,TROOPS Inc.,NASDAQ
TROW,T. Rowe Price Group Inc.,NASDAQ
TROX,Tronox Holdings plc,NYSE
TRP,TC Energy Corporation,NYSE
TRS,TriMas Corporation,NASDAQ
TRSG,Tungray Technologies Inc,NASDAQ
TRST,TrustCo Bank Corp NY,NASDAQ
TRT,Trio-Tech International,AMEX
TRTX,TPG RE Finance Trust Inc.,NYSE
TRU,TransUnion,NYSE
TRUE,TrueCar Inc.,NASDAQ
TRUG,TruGolf Holdings Inc.,NASDAQ
TRUP,Trupanion Inc.,NASDAQ
TRV,The Travelers Companies Inc.,NYSE
TRVG,trivago N.V.,NASDAQ
TRVI,Trevi Therapeutics Inc.,NASDAQ
TRVN,Trevena Inc.,NASDAQ
TRX,TRX Gold Corporation,AMEX
TS,Tenaris S.A.,NYSE
TSAT,Telesat Corporation,NASDAQ
TSBK,Timberland Bancorp Inc.,NASDAQ
TSBX,Turnstone Biologics Corp.,NASDAQ
TSCO,Tractor Supply Company,NASDAQ
TSE,Trinseo PLC,NYSE
TSEM,Tower Semiconductor Ltd.,NASDAQ
TSHA,Taysha Gene Therapies Inc.,NASDAQ
TSLA,Tesla Inc.,NASDAQ
TSLX,Sixth Street Specialty Lending Inc.,NYSE
TSM,Taiwan Semiconductor Manufacturing Company Ltd.,NYSE
TSN,Tyson Foods Inc.,NYSE
TSQ,Townsquare Media Inc.,NYSE
TSVT,2seventy bio Inc.,NASDAQ
TT,Trane Technologies plc,NYSE
TTC,Toro Company (The),NYSE
TTD,The Trade Desk Inc.,NASDAQ
TTE,TotalEnergies SE,NYSE
TTEC,TTEC Holdings Inc.,NASDAQ
TTEK,Tetra Tech Inc.,NASDAQ
TTGT,TechTarget Inc.,NASDAQ
TTI,Tetra Technologies Inc.,NYSE
TTMI,TTM Technologies Inc.,NASDAQ
TTNP,Titan Pharmaceuticals Inc.,NASDAQ
TTOO,T2 Biosystems Inc.,NASDAQ
TTSH,Tile Shop Holdings Inc.,NASDAQ
TTWO,Take-Two Interactive Software Inc.,NASDAQ
TU,Telus Corporation,NYSE
TUP,Tupperware Brands Corporation,NYSE
TURB,Turbo Energy S.A.,NASDAQ
TURN,180 Degree Capital Corp.,NASDAQ
TUSK,Mammoth Energy Services Inc.,NASDAQ
TUYA,Tuya Inc.,NYSE
TV,Grupo Televisa S.A.B.,NYSE
TVC,Tennessee Valley Authority,NYSE
TVE,Tennessee Valley Authority,NYSE
TVGN,Tevogen Bio Holdings Inc.,NASDAQ
TVTX,Travere Therapeutics Inc.,NASDAQ
TW,Tradeweb Markets Inc.,NASDAQ
TWFG,TWFG Inc.,NASDAQ
TWG,Top Wealth Group Holding Limited,NASDAQ
TWI,Titan International Inc. (DE),NYSE
TWIN,Twin Disc Incorporated,NASDAQ
TWKS,Thoughtworks Holding Inc.,NASDAQ
TWLO,Twilio Inc.,NYSE
TWO,Two Harbors Investment Corp,NYSE
TWST,Twist Bioscience Corporation,NASDAQ
TX,Ternium S.A. Ternium S.A.,NYSE
TXG,10x Genomics Inc.,NASDAQ
TXMD,TherapeuticsMD Inc.,NASDAQ
TXN,Texas Instruments Incorporated,NASDAQ
TXNM,TXNM Energy Inc.,NYSE
TXRH,Texas Roadhouse Inc.,NASDAQ
TXT,Textron Inc.,NYSE
TY,Tri Continental Corporation,NYSE
TYG,Tortoise Energy Infrastructure Corporation,NYSE
TYGO,Tigo Energy Inc.,NASDAQ
TYL,Tyler Technologies Inc.,NYSE
TYRA,Tyra Biosciences Inc.,NASDAQ
TZOO,Travelzoo,NASDAQ
U,Unity Software Inc.,NYSE
UA,Under Armour Inc.,NYSE
UAA,Under Armour Inc.,NYSE
UAL,United Airlines Holdings Inc.,NASDAQ
UAMY,United States Antimony Corporation,AMEX
UAVS,AgEagle Aerial Systems Inc.,AMEX
UBCP,United Bancorp Inc.,NASDAQ
UBER,Uber Technologies Inc.,NYSE
UBFO,United Security Bancshares,NASDAQ
UBS,UBS Group AG Registered,NYSE
UBSI,United Bankshares Inc.,NASDAQ
UBX,Unity Biotechnology Inc.,NASDAQ
UBXG,U-BX Technology Ltd.,NASDAQ
UCAR,U Power Limited,NASDAQ
UCB,United Community Banks Inc.,NYSE
UCL,uCloudlink Group Inc.,NASDAQ
UCTT,Ultra Clean Holdings Inc.,NASDAQ
UDMY,Udemy Inc.,NASDAQ
UDR,UDR Inc.,NYSE
UE,Urban Edge Properties,NYSE
UEC,Uranium Energy Corp.,AMEX
UEIC,Universal Electronics Inc.,NASDAQ
UFCS,United Fire Group Inc.,NASDAQ
UFI,Unifi Inc.,NYSE
UFPI,UFP Industries Inc.,NASDAQ
UFPT,UFP Technologies Inc.,NASDAQ
UG,United-Guardian Inc.,NASDAQ
UGI,UGI Corporation,NYSE
UGP,Ultrapar Participacoes S.A.,NYSE
UGRO,urban-gro Inc.,NASDAQ
UHAL,U-Haul Holding Company,NYSE
UHG,United Homes Group Inc,NASDAQ
UHS,Universal Health Services Inc.,NYSE
UHT,Universal Health Realty Income Trust,NYSE
UI,Ubiquiti Inc.,NYSE
UIS,Unisys Corporation,NYSE
UK,Ucommune International Ltd,NASDAQ
UL,Unilever PLC,NYSE
ULBI,Ultralife Corporation,NASDAQ
ULCC,Frontier Group Holdings Inc.,NASDAQ
ULH,Universal Logistics Holdings Inc.,NASDAQ
ULS,UL Solutions Inc.,NYSE
ULTA,Ulta Beauty Inc.,NASDAQ
ULY,Urgent.ly Inc.,NASDAQ
UMAC,Unusual Machines Inc.,AMEX
UMBF,UMB Financial Corporation,NASDAQ
UMC,United Microelectronics Corporation,NYSE
UMH,UMH Properties Inc.,NYSE
UNB,Union Bankshares Inc.,NASDAQ
UNCY,Unicycive Therapeutics Inc.,NASDAQ
UNF,Unifirst Corporation,NYSE
UNFI,United Natural Foods Inc.,NYSE
UNH,UnitedHealth Group Incorporated,NYSE
UNIT,Uniti Group Inc.,NASDAQ
UNM,Unum Group,NYSE
UNP,Union Pacific Corporation,NYSE
UNTY,Unity Bancorp Inc.,NASDAQ
UONE,Urban One Inc.,NASDAQ
UONEK,Urban One Inc.,NASDAQ
UP,Wheels Up Experience Inc.,NYSE
UPBD,Upbound Group Inc.,NASDAQ
UPC,Universe Pharmaceuticals Inc.,NASDAQ
UPLD,Upland Software Inc.,NASDAQ
UPS,United Parcel Service Inc.,NYSE
UPST,Upstart Holdings Inc.,NASDAQ
UPWK,Upwork Inc.,NASDAQ
UPXI,Upexi Inc.,NASDAQ
URBN,Urban Outfitters Inc.,NASDAQ
URG,Ur Energy Inc,AMEX
URGN,UroGen Pharma Ltd.,NASDAQ
URI,United Rentals Inc.,NYSE
UROY,Uranium Royalty Corp.,NASDAQ
USAP,Universal Stainless & Alloy Products Inc.,NASDAQ
USAS,Americas Gold and Silver Corporation,AMEX
USAU,U.S. Gold Corp.,NASDAQ
USB,U.S. Bancorp,NYSE
USCB,USCB Financial Holdings Inc.,NASDAQ
USEA,United Maritime Corporation,NASDAQ
USEG,U.S. Energy Corp.,NASDAQ
USFD,US Foods Holding Corp.,NYSE
USGO,U.S. GoldMining Inc.,NASDAQ
USIO,Usio Inc.,NASDAQ
USLM,United States Lime & Minerals Inc.,NASDAQ
USM,United States Cellular Corporation,NYSE
USNA,USANA Health Sciences Inc.,NYSE
USOI,UBS AG ETRACS Crude Oil,NASDAQ
USPH,U.S. Physical Therapy Inc.,NYSE
UTHR,United Therapeutics Corporation,NASDAQ
UTI,Universal Technical Institute Inc,NYSE
UTL,UNITIL Corporation,NYSE
UTMD,Utah Medical Products Inc.,NASDAQ
UTSI,UTStarcom Holdings Corp.,NASDAQ
UTZ,Utz Brands Inc,NYSE
UUU,Universal Security Instruments Inc.,AMEX
UUUU,Energy Fuels Inc,AMEX
UVE,UNIVERSAL INSURANCE HOLDINGS INC,NYSE
UVSP,Univest Financial Corporation,NASDAQ
UVV,Universal Corporation,NYSE
UWMC,UWM Holdings Corporation,NYSE
UXIN,Uxin Limited,NASDAQ
V,Visa Inc.,NYSE
VABK,Virginia National Bankshares Corporation,NASDAQ
VAC,Marriott Vacations Worldwide Corporation,NYSE
VAL,Valaris Limited,NYSE
VALE,VALE S.A. ,NYSE
VALN,Valneva SE,NASDAQ
VALU,Value Line Inc.,NASDAQ
VANI,Vivani Medical Inc.,NASDAQ
VATE,INNOVATE Corp.,NYSE
VBFC,Village Bank and Trust Financial Corp.,NASDAQ
VBNK,VersaBank,NASDAQ
VBTX,Veritex Holdings Inc.,NASDAQ
VC,Visteon Corporation,NASDAQ
VCEL,Vericel Corporation,NASDAQ
VCIG,VCI Global Limited,NASDAQ
VCNX,Vaccinex Inc.,NASDAQ
VCSA,Vacasa Inc.,NASDAQ
VCTR,Victory Capital Holdings Inc.,NASDAQ
VCYT,Veracyte Inc.,NASDAQ
VECO,Veeco Instruments Inc.,NASDAQ
VEEE,Twin Vee PowerCats Co.,NASDAQ
VEEV,Veeva Systems Inc.,NYSE
VEL,Velocity Financial Inc.,NYSE
VEON,VEON Ltd.,NASDAQ
VERA,Vera Therapeutics Inc.,NASDAQ
VERB,Verb Technology Company Inc.,NASDAQ
VERI,Veritone Inc.,NASDAQ
VERO,Venus Concept Inc.,NASDAQ
VERU,Veru Inc.,NASDAQ
VERV,Verve Therapeutics Inc.,NASDAQ
VERX,Vertex Inc.,NASDAQ
VET,Vermilion Energy Inc.,NYSE
VEV,Vicinity Motor Corp.,NASDAQ
VFC,V.F. Corporation,NYSE
VFF,Village Farms International Inc.,NASDAQ
VFS,VinFast Auto Ltd.,NASDAQ
VGAS,Verde Clean Fuels Inc.,NASDAQ
VGR,Vector Group Ltd.,NYSE
VGZ,Vista Gold Corp,AMEX
VHC,VirnetX Holding Corp,NYSE
VHI,Valhi Inc.,NYSE
VIAV,Viavi Solutions Inc.,NASDAQ
VICI,VICI Properties Inc.,NYSE
VICR,Vicor Corporation,NASDAQ
VIGL,Vigil Neuroscience Inc.,NASDAQ
VIK,Viking Holdings Ltd,NYSE
VINC,Vincerx Pharma Inc.,NASDAQ
VINE,Fresh Vine Wine Inc.,AMEX
VINO,Gaucho Group Holdings Inc.,NASDAQ
VINP,Vinci Partners Investments Ltd.,NASDAQ
VIOT,Viomi Technology Co. Ltd,NASDAQ
VIPS,Vipshop Holdings Limited,NYSE
VIR,Vir Biotechnology Inc.,NASDAQ
VIRC,Virco Manufacturing Corporation,NASDAQ
VIRI,Virios Therapeutics Inc.,NASDAQ
VIRT,Virtu Financial Inc.,NASDAQ
VIRX,Viracta Therapeutics Inc.,NASDAQ
VISL,Vislink Technologies Inc.,NASDAQ
VITL,Vital Farms Inc.,NASDAQ
VIV,Telefonica Brasil S.A.,NYSE
VIVK,Vivakor Inc.,NASDAQ
VKTX,Viking Therapeutics Inc.,NASDAQ
VLCN,Volcon Inc.,NASDAQ
VLD,Velo3D Inc.,NYSE
VLGEA,Village Super Market Inc.,NASDAQ
VLN,Valens Semiconductor Ltd.,NYSE
VLO,Valero Energy Corporation,NYSE
VLRS,Controladora Vuela Compania de Aviacion S.A.B. de C.V.,NYSE
VLT,Invesco High Income Trust II,NYSE
VLTO,Veralto Corp,NYSE
VLY,Valley National Bancorp,NASDAQ
VMAR,Vision Marine Technologies Inc.,NASDAQ
VMC,Vulcan Materials Company (Holding Company),NYSE
VMCA,Valuence Merger Corp. I,NASDAQ
VMD,Viemed Healthcare Inc.,NASDAQ
VMEO,Vimeo Inc.,NASDAQ
VMI,Valmont Industries Inc.,NYSE
VNCE,Vince Holding Corp.,NYSE
VNDA,Vanda Pharmaceuticals Inc.,NASDAQ
VNET,VNET Group Inc.,NASDAQ
VNO,Vornado Realty Trust,NYSE
VNOM,Viper Energy Inc.,NASDAQ
VNRX,VolitionRX Limited,AMEX
VNT,Vontier Corporation,NYSE
VOD,Vodafone Group Plc,NASDAQ
VOR,Vor Biopharma Inc.,NASDAQ
VOXR,Vox Royalty Corp.,NASDAQ
VOXX,VOXX International Corporation,NASDAQ
VOYA,Voya Financial Inc.,NYSE
VPG,Vishay Precision Group Inc.,NYSE
VRA,Vera Bradley Inc.,NASDAQ
VRAR,The Glimpse Group Inc.,NASDAQ
VRAX,Virax Biolabs Group Limited,NASDAQ
VRCA,Verrica Pharmaceuticals Inc.,NASDAQ
VRDN,Viridian Therapeutics Inc.,NASDAQ
VRE,Veris Residential Inc.,NYSE
VREX,Varex Imaging Corporation,NASDAQ
VRM,Vroom Inc.,NASDAQ
VRME,VerifyMe Inc.,NASDAQ
VRN,Veren Inc.,NYSE
VRNA,Verona Pharma plc,NASDAQ
VRNS,Varonis Systems Inc.,NASDAQ
VRNT,Verint Systems Inc.,NASDAQ
VRPX,Virpax Pharmaceuticals Inc.,NASDAQ
VRRM,Verra Mobility Corporation,NASDAQ
VRSK,Verisk Analytics Inc.,NASDAQ
VRSN,VeriSign Inc.,NASDAQ
VRT,Vertiv Holdings LLC,NYSE
VRTS,Virtus Investment Partners Inc.,NYSE
VRTX,Vertex Pharmaceuticals Incorporated,NASDAQ
VS,Versus Systems Inc.,NASDAQ
VSAC,Vision Sensing Acquisition Corp.,NASDAQ
VSAT,ViaSat Inc.,NASDAQ
VSCO,Victorias Secret & Co.,NYSE
VSEC,VSE Corporation,NASDAQ
VSEE,VSee Health Inc.,NASDAQ
VSH,Vishay Intertechnology Inc.,NYSE
VSME,VS Media Holdings Limited,NASDAQ
VST,Vistra Corp.,NYSE
VSTA,Vasta Platform Limited,NASDAQ
VSTE,Vast Renewables Limited,NASDAQ
VSTM,Verastem Inc.,NASDAQ
VSTO,Vista Outdoor Inc.,NYSE
VSTS,Vestis Corporation,NYSE
VTAK,Catheter Precision Inc.,AMEX
VTEX,VTEX,NYSE
VTGN,Vistagen Therapeutics Inc.,NASDAQ
VTLE,Vital Energy Inc.,NYSE
VTMX,Corporacion Inmobiliaria Vesta S.A.B de C.V.,NYSE
VTNR,Vertex Energy Inc,NASDAQ
VTOL,Bristow Group Inc.,NYSE
VTR,Ventas Inc.,NYSE
VTRS,Viatris Inc.,NASDAQ
VTS,Vitesse Energy Inc.,NYSE
VTSI,VirTra Inc.,NASDAQ
VTVT,vTv Therapeutics Inc.,NASDAQ
VTYX,Ventyx Biosciences Inc.,NASDAQ
VUZI,Vuzix Corporation,NASDAQ
VVI,Viad Corp,NYSE
VVOS,Vivos Therapeutics Inc.,NASDAQ
VVPR,VivoPower International PLC,NASDAQ
VVV,Valvoline Inc.,NYSE
VVX,V2X Inc.,NYSE
VXRT,Vaxart Inc,NASDAQ
VYGR,Voyager Therapeutics Inc.,NASDAQ
VYNE,VYNE Therapeutics Inc.,NASDAQ
VYX,NCR Voyix Corporation,NYSE
VZIO,VIZIO Holding Corp.,NYSE
VZLA,Vizsla Silver Corp.,AMEX
W,Wayfair Inc.,NYSE
WAB,Westinghouse Air Brake Technologies Corporation,NYSE
WABC,Westamerica Bancorporation,NASDAQ
WAFD,WaFd Inc.,NASDAQ
WAFU,Wah Fu Education Group Limited,NASDAQ
WAL,Western Alliance Bancorporation,NYSE
WALD,Waldencast plc,NASDAQ
WASH,Washington Trust Bancorp Inc.,NASDAQ
WAT,Waters Corporation,NYSE
WATT,Energous Corporation,NASDAQ
WAVE,Eco Wave Power Global AB (publ),NASDAQ
WAVS,Western Acquisition Ventures Corp.,NASDAQ
WAY,Waystar Holding Corp.,NASDAQ
WB,Weibo Corporation,NASDAQ
WBA,Walgreens Boots Alliance Inc.,NASDAQ
WBD,Warner Bros. Discovery Inc.,NASDAQ
WBS,Webster Financial Corporation,NYSE
WBTN,WEBTOON Entertainment Inc.,NASDAQ
WBUY,WEBUY GLOBAL LTD.,NASDAQ
WBX,Wallbox N.V.,NYSE
WCC,WESCO International Inc.,NYSE
WCN,Waste Connections Inc.,NYSE
WD,Walker & Dunlop Inc,NYSE
WDAY,Workday Inc.,NASDAQ
WDC,Western Digital Corporation,NASDAQ
WDFC,WD-40 Company,NASDAQ
WDH,Waterdrop Inc.,NYSE
WDS,Woodside Energy Group Limited,NYSE
WEAV,Weave Communications Inc.,NYSE
WEC,WEC Energy Group Inc.,NYSE
WEL,Integrated Wellness Acquisition Corp,NYSE
WELL,Welltower Inc.,NYSE
WEN,Wendy's Company (The),NASDAQ
WENA,ANEW MEDICAL INC.,NASDAQ
WERN,Werner Enterprises Inc.,NASDAQ
WEST,Westrock Coffee Company,NASDAQ
WETH,Wetouch Technology Inc.,NASDAQ
WEX,WEX Inc.,NYSE
WEYS,Weyco Group Inc.,NASDAQ
WF,Woori Financial Group Inc.,NYSE
WFC,Wells Fargo & Company,NYSE
WFCF,Where Food Comes From Inc.,NASDAQ
WFG,West Fraser Timber Co. Ltd,NYSE
WFRD,Weatherford International plc,NASDAQ
WGO,Winnebago Industries Inc.,NYSE
WGS,GeneDx Holdings Corp.,NASDAQ
WH,Wyndham Hotels & Resorts Inc.,NYSE
WHD,Cactus Inc.,NYSE
WHF,WhiteHorse Finance Inc.,NASDAQ
WHG,Westwood Holdings Group Inc,NYSE
WHLM,Wilhelmina International Inc.,NASDAQ
WHLR,Wheeler Real Estate Investment Trust Inc.,NASDAQ
WHR,Whirlpool Corporation,NYSE
WILC,G. Willi-Food International  Ltd.,NASDAQ
WIMI,WiMi Hologram Cloud Inc.,NASDAQ
WINA,Winmark Corporation,NASDAQ
WING,Wingstop Inc.,NASDAQ
WINT,Windtree Therapeutics Inc.,NASDAQ
WISA,WiSA Technologies Inc.,NASDAQ
WIT,Wipro Limited,NYSE
WIX,Wix.com Ltd.,NASDAQ
WK,Workiva Inc.,NYSE
WKC,World Kinect Corporation,NYSE
WKEY,WISeKey International Holding Ltd,NASDAQ
WKHS,Workhorse Group Inc.,NASDAQ
WKME,WalkMe Ltd.,NASDAQ
WKSP,Worksport Ltd.,NASDAQ
WLDN,Willdan Group Inc.,NASDAQ
WLDS,Wearable Devices Ltd.,NASDAQ
WLFC,Willis Lease Finance Corporation,NASDAQ
WLGS,Wang & Lee Group Inc.,NASDAQ
WLK,Westlake Corporation,NYSE
WLY,John Wiley & Sons Inc.,NYSE
WLYB,John Wiley & Sons Inc.,NYSE
WM,Waste Management Inc.,NYSE
WMB,Williams Companies Inc. (The),NYSE
WMG,Warner Music Group Corp.,NASDAQ
WMK,Weis Markets Inc.,NYSE
WMPN,William Penn Bancorporation,NASDAQ
WMS,Advanced Drainage Systems Inc.,NYSE
WMT,Walmart Inc.,NYSE
WNC,Wabash National Corporation,NYSE
WNEB,Western New England Bancorp Inc.,NASDAQ
WNS,WNS (Holdings) Limited,NYSE
WNW,Meiwu Technology Company Limited,NASDAQ
WOK,WORK Medical Technology Group LTD,NASDAQ
WOLF,Wolfspeed Inc.,NYSE
WOOF,Petco Health and Wellness Company Inc.,NASDAQ
WOR,Worthington Enterprises Inc.,NYSE
WORX,SCWorx Corp.,NASDAQ
WOW,WideOpenWest Inc.,NYSE
WPC,W. P. Carey Inc. REIT,NYSE
WPM,Wheaton Precious Metals Corp,NYSE
WPP,WPP plc,NYSE
WPRT,Westport Fuel Systems Inc,NASDAQ
WRAP,Wrap Technologies Inc.,NASDAQ
WRB,W.R. Berkley Corporation,NYSE
WRBY,Warby Parker Inc.,NYSE
WRLD,World Acceptance Corporation,NASDAQ
WRN,Western Copper and Gold Corporation,AMEX
WS,Worthington Steel Inc.,NYSE
WSBC,WesBanco Inc.,NASDAQ
WSBF,Waterstone Financial Inc.,NASDAQ
WSC,WillScot Holdings Corporation,NASDAQ
WSFS,WSFS Financial Corporation,NASDAQ
WSM,Williams-Sonoma Inc.,NYSE
WSO,Watsco Inc.,NYSE
WSO.B,Watsco Inc.,NYSE
WSR,Whitestone REIT,NYSE
WST,West Pharmaceutical Services Inc.,NYSE
WT,WisdomTree Inc.,NYSE
WTBA,West Bancorporation,NASDAQ
WTFC,Wintrust Financial Corporation,NASDAQ
WTI,W&T Offshore Inc.,NYSE
WTM,White Mountains Insurance Group Ltd.,NYSE
WTMA,Welsbach Technology Metals Acquisition Corp.,NASDAQ
WTMAR,Welsbach Technology Metals Acquisition Corp. one right to receive 1/10th of a share of,NASDAQ
WTO,UTime Limited,NASDAQ
WTRG,Essential Utilities Inc.,NYSE
WTS,Watts Water Technologies Inc.,NYSE
WTTR,Select Water Solutions Inc.,NYSE
WTW,Willis Towers Watson Public Limited Company,NASDAQ
WU,Western Union Company (The),NYSE
WULF,TeraWulf Inc.,NASDAQ
WVE,Wave Life Sciences Ltd.,NASDAQ
WVVI,Willamette Valley Vineyards Inc.,NASDAQ
WW,WW International Inc.,NASDAQ
WWD,Woodward Inc.,NASDAQ
WWR,Westwater Resources Inc.,AMEX
WWW,Wolverine World Wide Inc.,NYSE
WY,Weyerhaeuser Company,NYSE
WYNN,Wynn Resorts Limited,NASDAQ
WYY,WidePoint Corporation,AMEX
X,United States Steel Corporation,NYSE
XAIR,Beyond Air Inc.,NASDAQ
XBIO,Xenetic Biosciences Inc.,NASDAQ
XBIT,XBiotech Inc.,NASDAQ
XBP,XBP Europe Holdings Inc.,NASDAQ
XCUR,Exicure Inc.,NASDAQ
XEL,Xcel Energy Inc.,NASDAQ
XELA,Exela Technologies Inc.,NASDAQ
XELB,Xcel Brands Inc.,NASDAQ
XENE,Xenon Pharmaceuticals Inc.,NASDAQ
XERS,Xeris Biopharma Holdings Inc.,NASDAQ
XFIN,ExcelFin Acquisition Corp,NASDAQ
XFOR,X4 Pharmaceuticals Inc.,NASDAQ
XGN,Exagen Inc.,NASDAQ
XHG,XChange TEC.INC,NASDAQ
XHR,Xenia Hotels & Resorts Inc.,NYSE
XIN,Xinyuan Real Estate Co Ltd,NYSE
XLO,Xilio Therapeutics Inc.,NASDAQ
XMTR,Xometry Inc.,NASDAQ
XNCR,Xencor Inc.,NASDAQ
XNET,Xunlei Limited,NASDAQ
XOM,Exxon Mobil Corporation,NYSE
XOMA,XOMA Royalty Corporation,NASDAQ
XOS,Xos Inc.,NASDAQ
XP,XP Inc.,NASDAQ
XPEL,XPEL Inc.,NASDAQ
XPER,Xperi Inc.,NYSE
XPEV,XPeng Inc.,NYSE
XPL,Solitario Resources Corp.,AMEX
XPO,XPO Inc.,NYSE
XPOF,Xponential Fitness Inc.,NYSE
XPON,Expion360 Inc.,NASDAQ
XPRO,Expro Group Holdings N.V.,NYSE
XRAY,DENTSPLY SIRONA Inc.,NASDAQ
XRTX,XORTX Therapeutics Inc.,NASDAQ
XRX,Xerox Holdings Corporation,NASDAQ
XTIA,XTI Aerospace Inc.,NASDAQ
XTKG,X3 Holdings Co. Ltd.,NASDAQ
XTLB,XTL Biopharmaceuticals Ltd.,NASDAQ
XTNT,Xtant Medical Holdings Inc.,AMEX
XWEL,XWELL Inc.,NASDAQ
XXII,22nd Century Group Inc.,NASDAQ
XYF,X Financial,NYSE
XYL,Xylem Inc.,NYSE
XYLO,Xylo Technologies Ltd.,NASDAQ
YALA,Yalla Group Limited,NYSE
YCBD,cbdMD Inc.,AMEX
YELP,Yelp Inc.,NYSE
YETI,YETI Holdings Inc.,NYSE
YEXT,Yext Inc.,NYSE
YGMZ,MingZhu Logistics Holdings Limited,NASDAQ
YHGJ,Yunhong Green CTI Ltd.,NASDAQ
YI,111 Inc.,NASDAQ
YIBO,Planet Image International Limited,NASDAQ
YJ,Yunji Inc.,NASDAQ
YMAB,Y-mAbs Therapeutics Inc.,NASDAQ
YMM,Full Truck Alliance Co. Ltd.,NYSE
YORW,York Water Company (The),NASDAQ
YOSH,Yoshiharu Global Co.,NASDAQ
YOTA,Yotta Acquisition Corporation,NASDAQ
YOU,Clear Secure Inc.,NYSE
YPF,YPF Sociedad Anonima,NYSE
YQ,17 Education & Technology Group Inc.,NASDAQ
YRD,Yiren Digital Ltd.,NYSE
YSG,Yatsen Holding Limited,NYSE
YTRA,Yatra Online Inc.,NASDAQ
YUM,Yum! Brands Inc.,NYSE
YUMC,Yum China Holdings Inc.,NYSE
YXT,YXT.COM GROUP HOLDING LIMITED,NASDAQ
YY,JOYY Inc.,NASDAQ
YYAI,Connexa Sports Technologies Inc.,NASDAQ
YYGH,YY Group Holding Limited,NASDAQ
Z,Zillow Group Inc.,NASDAQ
ZAPP,Zapp Electric Vehicles Group Limited,NASDAQ
ZBAO,Zhibao Technology Inc.,NASDAQ
ZBH,Zimmer Biomet Holdings Inc.,NYSE
ZBRA,Zebra Technologies Corporation,NASDAQ
ZCAR,Zoomcar Holdings Inc.,NASDAQ
ZCMD,Zhongchao Inc.,NASDAQ
ZD,Ziff Davis Inc.,NASDAQ
ZDGE,Zedge Inc.,AMEX
ZENV,Zenvia Inc.,NASDAQ
ZEO,Zeo Energy Corporation,NASDAQ
ZEPP,Zepp Health Corporation,NYSE
ZETA,Zeta Global Holdings Corp.,NYSE
ZEUS,Olympic Steel Inc.,NASDAQ
ZG,Zillow Group Inc.,NASDAQ
ZGN,Ermenegildo Zegna N.V.,NYSE
ZH,Zhihu Inc.,NYSE
ZI,ZoomInfo Technologies Inc,NASDAQ
ZIM,ZIM Integrated Shipping Services Ltd.,NYSE
ZIMV,ZimVie Inc.,NASDAQ
ZION,Zions Bancorporation N.A.,NASDAQ
ZIP,ZipRecruiter Inc.,NYSE
ZJYL,JIN MEDICAL INTERNATIONAL LTD.,NASDAQ
ZK,ZEEKR Intelligent Technology Holding Limited,NYSE
ZKH,ZKH Group Limited,NYSE
ZKIN,ZK International Group Co. Ltd,NASDAQ
ZLAB,Zai Lab Limited,NASDAQ
ZM,Zoom Video Communications Inc.,NASDAQ
ZNTL,Zentalis Pharmaceuticals Inc.,NASDAQ
ZOM,Zomedica Corp.,AMEX
ZONE,CleanCore Solutions Inc.,AMEX
ZOOZ,ZOOZ Power Ltd.,NASDAQ
ZPTA,Zapata Computing Holdings Inc.,NASDAQ
ZS,Zscaler Inc.,NASDAQ
ZTEK,Zentek Ltd.,NASDAQ
ZTO,ZTO Express (Cayman) Inc.,NYSE
ZTS,Zoetis Inc.,NYSE
ZUMZ,Zumiez Inc.,NASDAQ
ZUO,Zuora Inc.,NYSE
ZURA,Zura Bio Limited,NASDAQ
ZVIA,Zevia PBC,NYSE
ZVRA,Zevra Therapeutics Inc.,NASDAQ
ZVSA,ZyVersa Therapeutics Inc.,NASDAQ
ZWS,Zurn Elkay Water Solutions Corporation,NYSE
ZYME,Zymeworks Inc.,NASDAQ
ZYXI,Zynex Inc.,NASDAQ
